<?xml version="1.0" encoding="UTF-8"?>
<osm version="0.6" generator="openstreetmap-cgimap 2.1.0 (244696 spike-07.openstreetmap.org)" copyright="OpenStreetMap and contributors" attribution="http://www.openstreetmap.org/copyright" license="http://opendatacommons.org/licenses/odbl/1-0/">
 <bounds minlat="39.4810000" minlon="-0.3448000" maxlat="39.4831000" maxlon="-0.3418000"/>
 <node id="253243409" visible="true" version="3" changeset="13442303" timestamp="2012-10-10T15:12:01Z" user="rubensd" uid="472193" lat="39.4824549" lon="-0.3406334"/>
 <node id="253243587" visible="true" version="5" changeset="150707183" timestamp="2024-04-30T13:02:51Z" user="MikelCalo" uid="11126976" lat="39.4829691" lon="-0.3450813"/>
 <node id="253243591" visible="true" version="5" changeset="150707183" timestamp="2024-04-30T13:02:51Z" user="MikelCalo" uid="11126976" lat="39.4826887" lon="-0.3452175"/>
 <node id="253243592" visible="true" version="5" changeset="150707183" timestamp="2024-04-30T13:02:51Z" user="MikelCalo" uid="11126976" lat="39.4825737" lon="-0.3448242"/>
 <node id="253243593" visible="true" version="5" changeset="150707183" timestamp="2024-04-30T13:02:51Z" user="MikelCalo" uid="11126976" lat="39.4828536" lon="-0.3446883"/>
 <node id="253243642" visible="true" version="3" changeset="83247973" timestamp="2020-04-08T10:41:40Z" user="12341234asdfasdf" uid="10909087" lat="39.4829989" lon="-0.3423578"/>
 <node id="253243643" visible="true" version="3" changeset="83247973" timestamp="2020-04-08T10:41:40Z" user="12341234asdfasdf" uid="10909087" lat="39.4829080" lon="-0.3420109"/>
 <node id="253243648" visible="true" version="3" changeset="83247973" timestamp="2020-04-08T10:41:40Z" user="12341234asdfasdf" uid="10909087" lat="39.4830746" lon="-0.3419336"/>
 <node id="253243649" visible="true" version="3" changeset="83247973" timestamp="2020-04-08T10:41:40Z" user="12341234asdfasdf" uid="10909087" lat="39.4831695" lon="-0.3422728"/>
 <node id="253243650" visible="true" version="4" changeset="6312490" timestamp="2010-11-07T15:27:05Z" user="Antonio Eugenio Burriel" uid="24070" lat="39.4831583" lon="-0.3418083"/>
 <node id="253243651" visible="true" version="3" changeset="6312490" timestamp="2010-11-07T15:28:46Z" user="Antonio Eugenio Burriel" uid="24070" lat="39.4828595" lon="-0.3419553"/>
 <node id="253243652" visible="true" version="3" changeset="6312490" timestamp="2010-11-07T15:29:12Z" user="Antonio Eugenio Burriel" uid="24070" lat="39.4827407" lon="-0.3415502"/>
 <node id="253243653" visible="true" version="3" changeset="6312490" timestamp="2010-11-07T15:26:59Z" user="Antonio Eugenio Burriel" uid="24070" lat="39.4830395" lon="-0.3414032"/>
 <node id="253243658" visible="true" version="3" changeset="10613673" timestamp="2012-02-07T17:27:57Z" user="rubensd" uid="472193" lat="39.4828119" lon="-0.3419573"/>
 <node id="253243659" visible="true" version="3" changeset="10613673" timestamp="2012-02-07T17:27:58Z" user="rubensd" uid="472193" lat="39.4825246" lon="-0.3420931"/>
 <node id="253243660" visible="true" version="3" changeset="10613673" timestamp="2012-02-07T17:28:00Z" user="rubensd" uid="472193" lat="39.4824097" lon="-0.3416995"/>
 <node id="253243661" visible="true" version="3" changeset="10613673" timestamp="2012-02-07T17:27:57Z" user="rubensd" uid="472193" lat="39.4826906" lon="-0.3415605"/>
 <node id="253243662" visible="true" version="3" changeset="10613673" timestamp="2012-02-07T17:27:54Z" user="rubensd" uid="472193" lat="39.4821620" lon="-0.3422735"/>
 <node id="253243669" visible="true" version="3" changeset="10613673" timestamp="2012-02-07T17:27:54Z" user="rubensd" uid="472193" lat="39.4820408" lon="-0.3418689"/>
 <node id="253243670" visible="true" version="3" changeset="10613673" timestamp="2012-02-07T17:27:58Z" user="rubensd" uid="472193" lat="39.4817508" lon="-0.3420104"/>
 <node id="253243671" visible="true" version="3" changeset="10613673" timestamp="2012-02-07T17:27:57Z" user="rubensd" uid="472193" lat="39.4818716" lon="-0.3424241"/>
 <node id="253243672" visible="true" version="4" changeset="85688592" timestamp="2020-05-24T16:49:46Z" user="jfe2erfn" uid="11190680" lat="39.4824950" lon="-0.3421105"/>
 <node id="253243674" visible="true" version="4" changeset="85688592" timestamp="2020-05-24T16:49:46Z" user="jfe2erfn" uid="11190680" lat="39.4821496" lon="-0.3421238"/>
 <node id="253243675" visible="true" version="4" changeset="85688592" timestamp="2020-05-24T16:49:46Z" user="jfe2erfn" uid="11190680" lat="39.4821889" lon="-0.3422595"/>
 <node id="253243676" visible="true" version="7" changeset="150748880" timestamp="2024-05-01T12:48:55Z" user="MikelCalo" uid="11126976" lat="39.4829799" lon="-0.3440327"/>
 <node id="253243677" visible="true" version="7" changeset="150748880" timestamp="2024-05-01T12:48:55Z" user="MikelCalo" uid="11126976" lat="39.4828010" lon="-0.3441206"/>
 <node id="253243678" visible="true" version="7" changeset="150748880" timestamp="2024-05-01T12:48:55Z" user="MikelCalo" uid="11126976" lat="39.4826852" lon="-0.3437265"/>
 <node id="253243679" visible="true" version="7" changeset="150748880" timestamp="2024-05-01T12:48:55Z" user="MikelCalo" uid="11126976" lat="39.4828645" lon="-0.3436382"/>
 <node id="253243686" visible="true" version="6" changeset="141041250" timestamp="2023-09-09T21:52:32Z" user="Saicpp" uid="19253508" lat="39.4816816" lon="-0.3419946"/>
 <node id="253243687" visible="true" version="5" changeset="141041250" timestamp="2023-09-09T21:52:32Z" user="Saicpp" uid="19253508" lat="39.4813995" lon="-0.3421290"/>
 <node id="253243688" visible="true" version="5" changeset="141041250" timestamp="2023-09-09T21:52:32Z" user="Saicpp" uid="19253508" lat="39.4811546" lon="-0.3413105"/>
 <node id="253243689" visible="true" version="5" changeset="141041250" timestamp="2023-09-09T21:52:32Z" user="Saicpp" uid="19253508" lat="39.4814354" lon="-0.3411703"/>
 <node id="253243690" visible="true" version="6" changeset="150710988" timestamp="2024-04-30T14:21:28Z" user="MikelCalo" uid="11126976" lat="39.4812611" lon="-0.3454714"/>
 <node id="253243691" visible="true" version="5" changeset="150710988" timestamp="2024-04-30T14:21:28Z" user="MikelCalo" uid="11126976" lat="39.4809160" lon="-0.3442914"/>
 <node id="253243692" visible="true" version="8" changeset="150748880" timestamp="2024-05-01T12:48:55Z" user="MikelCalo" uid="11126976" lat="39.4811955" lon="-0.3439302"/>
 <node id="253243693" visible="true" version="9" changeset="150710988" timestamp="2024-04-30T14:21:28Z" user="MikelCalo" uid="11126976" lat="39.4812722" lon="-0.3444145"/>
 <node id="253243694" visible="true" version="5" changeset="150710988" timestamp="2024-04-30T14:21:28Z" user="MikelCalo" uid="11126976" lat="39.4816010" lon="-0.3442544"/>
 <node id="253243695" visible="true" version="6" changeset="150710988" timestamp="2024-04-30T14:21:28Z" user="MikelCalo" uid="11126976" lat="39.4818706" lon="-0.3451746"/>
 <node id="253243701" visible="true" version="7" changeset="150710988" timestamp="2024-04-30T14:21:28Z" user="MikelCalo" uid="11126976" lat="39.4809920" lon="-0.3445511"/>
 <node id="253243713" visible="true" version="3" changeset="13455352" timestamp="2012-10-11T17:58:50Z" user="rubensd" uid="472193" lat="39.4813774" lon="-0.3431915"/>
 <node id="253243714" visible="true" version="3" changeset="13455352" timestamp="2012-10-11T17:58:50Z" user="rubensd" uid="472193" lat="39.4810248" lon="-0.3433576"/>
 <node id="253243715" visible="true" version="3" changeset="13455352" timestamp="2012-10-11T17:58:50Z" user="rubensd" uid="472193" lat="39.4808858" lon="-0.3428849"/>
 <node id="253243717" visible="true" version="4" changeset="131015832" timestamp="2023-01-08T13:54:47Z" user="Jordi MF" uid="8278438" lat="39.4807605" lon="-0.3424427"/>
 <node id="253243718" visible="true" version="3" changeset="13455352" timestamp="2012-10-11T17:58:50Z" user="rubensd" uid="472193" lat="39.4810442" lon="-0.3423082"/>
 <node id="253243719" visible="true" version="3" changeset="13455352" timestamp="2012-10-11T17:58:50Z" user="rubensd" uid="472193" lat="39.4811664" lon="-0.3427320"/>
 <node id="253243976" visible="true" version="6" changeset="150748880" timestamp="2024-05-01T12:48:55Z" user="MikelCalo" uid="11126976" lat="39.4826321" lon="-0.3414430"/>
 <node id="253243977" visible="true" version="6" changeset="150748880" timestamp="2024-05-01T12:48:55Z" user="MikelCalo" uid="11126976" lat="39.4818266" lon="-0.3418406"/>
 <node id="253243978" visible="true" version="8" changeset="150748880" timestamp="2024-05-01T12:48:55Z" user="MikelCalo" uid="11126976" lat="39.4816227" lon="-0.3411472"/>
 <node id="253243979" visible="true" version="6" changeset="150748880" timestamp="2024-05-01T12:48:55Z" user="MikelCalo" uid="11126976" lat="39.4824283" lon="-0.3407497"/>
 <node id="253243984" visible="true" version="4" changeset="150707183" timestamp="2024-04-30T13:02:51Z" user="MikelCalo" uid="11126976" lat="39.4828424" lon="-0.3446313"/>
 <node id="253243985" visible="true" version="4" changeset="150707183" timestamp="2024-04-30T13:02:51Z" user="MikelCalo" uid="11126976" lat="39.4825518" lon="-0.3447382"/>
 <node id="253243986" visible="true" version="5" changeset="150707183" timestamp="2024-04-30T13:02:51Z" user="MikelCalo" uid="11126976" lat="39.4824473" lon="-0.3443797"/>
 <node id="253243987" visible="true" version="4" changeset="141094351" timestamp="2023-09-11T06:54:17Z" user="Saicpp" uid="19253508" lat="39.4826941" lon="-0.3442613"/>
 <node id="253243997" visible="true" version="7" changeset="13455352" timestamp="2012-10-11T17:58:50Z" user="rubensd" uid="472193" lat="39.4812356" lon="-0.3426995"/>
 <node id="253243998" visible="true" version="5" changeset="13455352" timestamp="2012-10-11T17:58:50Z" user="rubensd" uid="472193" lat="39.4812096" lon="-0.3427117"/>
 <node id="253244365" visible="true" version="4" changeset="13442303" timestamp="2012-10-10T15:12:01Z" user="rubensd" uid="472193" lat="39.4808129" lon="-0.3414213"/>
 <node id="253308144" visible="true" version="6" changeset="150710988" timestamp="2024-04-30T14:21:28Z" user="MikelCalo" uid="11126976" lat="39.4820888" lon="-0.3439461"/>
 <node id="253308145" visible="true" version="4" changeset="141041250" timestamp="2023-09-09T21:52:32Z" user="Saicpp" uid="19253508" lat="39.4819055" lon="-0.3430099"/>
 <node id="253308146" visible="true" version="5" changeset="141041250" timestamp="2023-09-09T21:52:32Z" user="Saicpp" uid="19253508" lat="39.4818226" lon="-0.3430481"/>
 <node id="253308147" visible="true" version="5" changeset="150710988" timestamp="2024-04-30T14:21:28Z" user="MikelCalo" uid="11126976" lat="39.4821730" lon="-0.3439058"/>
 <node id="253308150" visible="true" version="8" changeset="150710988" timestamp="2024-04-30T14:21:28Z" user="MikelCalo" uid="11126976" lat="39.4811578" lon="-0.3438031"/>
 <node id="253351518" visible="true" version="5" changeset="150710988" timestamp="2024-04-30T14:21:28Z" user="MikelCalo" uid="11126976" lat="39.4812148" lon="-0.3434003"/>
 <node id="253351520" visible="true" version="5" changeset="150710988" timestamp="2024-04-30T14:21:28Z" user="MikelCalo" uid="11126976" lat="39.4813799" lon="-0.3442895"/>
 <node id="253351521" visible="true" version="5" changeset="150710988" timestamp="2024-04-30T14:21:28Z" user="MikelCalo" uid="11126976" lat="39.4814635" lon="-0.3442488"/>
 <node id="253351522" visible="true" version="5" changeset="150710988" timestamp="2024-04-30T14:21:28Z" user="MikelCalo" uid="11126976" lat="39.4811305" lon="-0.3434407"/>
 <node id="256604797" visible="true" version="5" changeset="13455352" timestamp="2012-10-11T17:58:50Z" user="rubensd" uid="472193" lat="39.4812531" lon="-0.3427614"/>
 <node id="256604800" visible="true" version="4" changeset="10613673" timestamp="2012-02-07T17:28:03Z" user="rubensd" uid="472193" lat="39.4808815" lon="-0.3416052"/>
 <node id="256604801" visible="true" version="3" changeset="13455352" timestamp="2012-10-11T17:58:50Z" user="rubensd" uid="472193" lat="39.4813451" lon="-0.3427150"/>
 <node id="256604802" visible="true" version="3" changeset="10247142" timestamp="2011-12-30T16:50:06Z" user="rubensd" uid="472193" lat="39.4811587" lon="-0.3422805"/>
 <node id="256604805" visible="true" version="7" changeset="127037114" timestamp="2022-10-05T09:16:44Z" user="MikelCalo" uid="11126976" lat="39.4814625" lon="-0.3435918"/>
 <node id="256604808" visible="true" version="5" changeset="127037114" timestamp="2022-10-05T09:16:44Z" user="MikelCalo" uid="11126976" lat="39.4816465" lon="-0.3434690"/>
 <node id="256604811" visible="true" version="6" changeset="127037114" timestamp="2022-10-05T09:16:44Z" user="MikelCalo" uid="11126976" lat="39.4816007" lon="-0.3438447"/>
 <node id="256604812" visible="true" version="5" changeset="127037114" timestamp="2022-10-05T09:16:44Z" user="MikelCalo" uid="11126976" lat="39.4815790" lon="-0.3438591"/>
 <node id="256604813" visible="true" version="6" changeset="127037114" timestamp="2022-10-05T09:16:44Z" user="MikelCalo" uid="11126976" lat="39.4816712" lon="-0.3434525"/>
 <node id="256604841" visible="true" version="5" changeset="141094351" timestamp="2023-09-11T06:54:17Z" user="Saicpp" uid="19253508" lat="39.4820857" lon="-0.3450399"/>
 <node id="256604842" visible="true" version="4" changeset="127037114" timestamp="2022-10-05T09:16:44Z" user="MikelCalo" uid="11126976" lat="39.4819105" lon="-0.3445991"/>
 <node id="429843126" visible="true" version="5" changeset="128933361" timestamp="2022-11-15T11:05:06Z" user="MikelCalo" uid="11126976" lat="39.4820092" lon="-0.3455259"/>
 <node id="429843128" visible="true" version="5" changeset="128933361" timestamp="2022-11-15T11:05:06Z" user="MikelCalo" uid="11126976" lat="39.4823006" lon="-0.3453923"/>
 <node id="429843130" visible="true" version="4" changeset="13455352" timestamp="2012-10-11T16:40:44Z" user="rubensd" uid="472193" lat="39.4816180" lon="-0.3442084"/>
 <node id="429843131" visible="true" version="1" changeset="1650668" timestamp="2009-06-27T15:58:54Z" user="Zeitgeist Mappers" uid="136000" lat="39.4813405" lon="-0.3432735"/>
 <node id="429843132" visible="true" version="2" changeset="10613673" timestamp="2012-02-07T17:28:04Z" user="rubensd" uid="472193" lat="39.4816344" lon="-0.3431231"/>
 <node id="429843134" visible="true" version="4" changeset="150748880" timestamp="2024-05-01T12:48:55Z" user="MikelCalo" uid="11126976" lat="39.4817225" lon="-0.3441578"/>
 <node id="429843135" visible="true" version="2" changeset="10613673" timestamp="2012-02-07T17:28:05Z" user="rubensd" uid="472193" lat="39.4813651" lon="-0.3421825"/>
 <node id="429843137" visible="true" version="1" changeset="1650668" timestamp="2009-06-27T15:58:54Z" user="Zeitgeist Mappers" uid="136000" lat="39.4811117" lon="-0.3412787"/>
 <node id="429843138" visible="true" version="4" changeset="128999273" timestamp="2022-11-16T16:07:34Z" user="MikelCalo" uid="11126976" lat="39.4814604" lon="-0.3411102"/>
 <node id="429843175" visible="true" version="3" changeset="85341251" timestamp="2020-05-17T16:40:06Z" user="jfe2erfn" uid="11190680" lat="39.4817167" lon="-0.3420022"/>
 <node id="429843181" visible="true" version="5" changeset="127037114" timestamp="2022-10-05T09:16:44Z" user="MikelCalo" uid="11126976" lat="39.4817834" lon="-0.3437239"/>
 <node id="429843189" visible="true" version="5" changeset="150748880" timestamp="2024-05-01T12:48:55Z" user="MikelCalo" uid="11126976" lat="39.4830806" lon="-0.3450302"/>
 <node id="429843192" visible="true" version="5" changeset="150748880" timestamp="2024-05-01T12:48:55Z" user="MikelCalo" uid="11126976" lat="39.4837305" lon="-0.3451022"/>
 <node id="429843193" visible="true" version="4" changeset="150748880" timestamp="2024-05-01T12:48:55Z" user="MikelCalo" uid="11126976" lat="39.4832489" lon="-0.3434525"/>
 <node id="429843194" visible="true" version="5" changeset="150748880" timestamp="2024-05-01T12:48:55Z" user="MikelCalo" uid="11126976" lat="39.4830428" lon="-0.3435535"/>
 <node id="429843195" visible="true" version="5" changeset="150748880" timestamp="2024-05-01T12:48:55Z" user="MikelCalo" uid="11126976" lat="39.4833077" lon="-0.3444615"/>
 <node id="429843196" visible="true" version="5" changeset="150748880" timestamp="2024-05-01T12:48:55Z" user="MikelCalo" uid="11126976" lat="39.4829638" lon="-0.3446300"/>
 <node id="429843231" visible="true" version="3" changeset="150748880" timestamp="2024-05-01T12:48:55Z" user="MikelCalo" uid="11126976" lat="39.4814745" lon="-0.3437244"/>
 <node id="429843232" visible="true" version="2" changeset="10613673" timestamp="2012-02-07T17:28:06Z" user="rubensd" uid="472193" lat="39.4819136" lon="-0.3451995"/>
 <node id="869447419" visible="true" version="10" changeset="174995239" timestamp="2025-11-22T16:12:19Z" user="aTarom" uid="5127355" lat="39.4819069" lon="-0.3433539">
  <tag k="addr:city" v="València"/>
  <tag k="addr:postcode" v="46022"/>
  <tag k="air_conditioning" v="yes"/>
  <tag k="amenity" v="cafe"/>
  <tag k="cuisine" v="pizza"/>
  <tag k="internet_access" v="wlan"/>
  <tag k="level" v="0"/>
  <tag k="name" v="Cafetería Pizzeria"/>
  <tag k="outdoor_seating" v="yes"/>
  <tag k="phone" v="+34963877000 x88998"/>
  <tag k="website" v="https://www.upv.es/entidades/PIZE/index-es.html"/>
 </node>
 <node id="869447424" visible="true" version="7" changeset="188813447" timestamp="2026-09-10T09:38:09Z" user="Loram" uid="6332703" lat="39.4820166" lon="-0.3436790">
  <tag k="addr:city" v="València"/>
  <tag k="addr:postcode" v="46022"/>
  <tag k="amenity" v="fast_food"/>
  <tag k="indoor_seating" v="yes"/>
  <tag k="name" v="Tarongeria"/>
  <tag k="opening_hours" v="Mo-Fr 08:45-20:00"/>
  <tag k="outdoor_seating" v="yes"/>
 </node>
 <node id="869452945" visible="true" version="4" changeset="131025931" timestamp="2023-01-08T18:24:02Z" user="Jordi MF" uid="8278438" lat="39.4811474" lon="-0.3441213">
  <tag k="amenity" v="fast_food"/>
  <tag k="name" v="Cafetería Ágora"/>
 </node>
 <node id="1307630835" visible="true" version="2" changeset="10613673" timestamp="2012-02-07T17:28:05Z" user="rubensd" uid="472193" lat="39.4833092" lon="-0.3422621"/>
 <node id="1307630859" visible="true" version="3" changeset="127037114" timestamp="2022-10-05T09:16:44Z" user="MikelCalo" uid="11126976" lat="39.4831316" lon="-0.3425175"/>
 <node id="1307630916" visible="true" version="2" changeset="127037114" timestamp="2022-10-05T09:16:44Z" user="MikelCalo" uid="11126976" lat="39.4832695" lon="-0.3424261"/>
 <node id="1307630948" visible="true" version="3" changeset="127037114" timestamp="2022-10-05T09:16:44Z" user="MikelCalo" uid="11126976" lat="39.4830840" lon="-0.3426537"/>
 <node id="1621881641" visible="true" version="2" changeset="63386225" timestamp="2018-10-10T16:17:41Z" user="kauron" uid="5765821" lat="39.4815809" lon="-0.3436701"/>
 <node id="1621881642" visible="true" version="1" changeset="10613673" timestamp="2012-02-07T17:27:48Z" user="rubensd" uid="472193" lat="39.4832216" lon="-0.3424719"/>
 <node id="1621881646" visible="true" version="3" changeset="127037114" timestamp="2022-10-05T09:16:44Z" user="MikelCalo" uid="11126976" lat="39.4815299" lon="-0.3431755"/>
 <node id="1621881649" visible="true" version="2" changeset="63386225" timestamp="2018-10-10T16:17:41Z" user="kauron" uid="5765821" lat="39.4816389" lon="-0.3436230"/>
 <node id="1621881650" visible="true" version="3" changeset="150748880" timestamp="2024-05-01T12:48:55Z" user="MikelCalo" uid="11126976" lat="39.4835250" lon="-0.3452029"/>
 <node id="1621881653" visible="true" version="2" changeset="63386225" timestamp="2018-10-10T16:17:41Z" user="kauron" uid="5765821" lat="39.4815844" lon="-0.3436383"/>
 <node id="1621881655" visible="true" version="2" changeset="63386225" timestamp="2018-10-10T16:17:41Z" user="kauron" uid="5765821" lat="39.4816511" lon="-0.3436768"/>
 <node id="1621881659" visible="true" version="1" changeset="10613673" timestamp="2012-02-07T17:27:49Z" user="rubensd" uid="472193" lat="39.4820503" lon="-0.3445277"/>
 <node id="1621881661" visible="true" version="2" changeset="13455352" timestamp="2012-10-11T17:58:50Z" user="rubensd" uid="472193" lat="39.4810726" lon="-0.3423270"/>
 <node id="1621881666" visible="true" version="1" changeset="10613673" timestamp="2012-02-07T17:27:49Z" user="rubensd" uid="472193" lat="39.4817576" lon="-0.3446773"/>
 <node id="1621881668" visible="true" version="1" changeset="10613673" timestamp="2012-02-07T17:27:49Z" user="rubensd" uid="472193" lat="39.4812387" lon="-0.3417211"/>
 <node id="1621881670" visible="true" version="2" changeset="63386225" timestamp="2018-10-10T16:17:41Z" user="kauron" uid="5765821" lat="39.4816152" lon="-0.3436133"/>
 <node id="1621881671" visible="true" version="2" changeset="63386225" timestamp="2018-10-10T16:17:41Z" user="kauron" uid="5765821" lat="39.4815938" lon="-0.3436976"/>
 <node id="1621881672" visible="true" version="2" changeset="63386225" timestamp="2018-10-10T16:17:41Z" user="kauron" uid="5765821" lat="39.4815855" lon="-0.3436853"/>
 <node id="1621881677" visible="true" version="2" changeset="63386225" timestamp="2018-10-10T16:17:41Z" user="kauron" uid="5765821" lat="39.4815805" lon="-0.3436538"/>
 <node id="1621881687" visible="true" version="3" changeset="128999273" timestamp="2022-11-16T16:07:34Z" user="MikelCalo" uid="11126976" lat="39.4809381" lon="-0.3418690"/>
 <node id="1621881691" visible="true" version="2" changeset="63386225" timestamp="2018-10-10T16:17:41Z" user="kauron" uid="5765821" lat="39.4816151" lon="-0.3437080"/>
 <node id="1621881692" visible="true" version="2" changeset="127037114" timestamp="2022-10-05T09:16:44Z" user="MikelCalo" uid="11126976" lat="39.4815249" lon="-0.3438948"/>
 <node id="1621881693" visible="true" version="2" changeset="127037114" timestamp="2022-10-05T09:16:44Z" user="MikelCalo" uid="11126976" lat="39.4830923" lon="-0.3425798"/>
 <node id="1621881694" visible="true" version="2" changeset="85341251" timestamp="2020-05-17T16:40:06Z" user="jfe2erfn" uid="11190680" lat="39.4814986" lon="-0.3426345"/>
 <node id="1621881696" visible="true" version="1" changeset="10613673" timestamp="2012-02-07T17:27:50Z" user="rubensd" uid="472193" lat="39.4809806" lon="-0.3418466"/>
 <node id="1621881700" visible="true" version="4" changeset="150710988" timestamp="2024-04-30T14:21:28Z" user="MikelCalo" uid="11126976" lat="39.4818856" lon="-0.3451269"/>
 <node id="1621881701" visible="true" version="2" changeset="150707183" timestamp="2024-04-30T13:02:51Z" user="MikelCalo" uid="11126976" lat="39.4827299" lon="-0.3442806"/>
 <node id="1621881705" visible="true" version="2" changeset="63386225" timestamp="2018-10-10T16:17:41Z" user="kauron" uid="5765821" lat="39.4815922" lon="-0.3436254"/>
 <node id="1621881718" visible="true" version="2" changeset="63386225" timestamp="2018-10-10T16:17:41Z" user="kauron" uid="5765821" lat="39.4816518" lon="-0.3436473"/>
 <node id="1621881719" visible="true" version="2" changeset="63386225" timestamp="2018-10-10T16:17:41Z" user="kauron" uid="5765821" lat="39.4816455" lon="-0.3436898"/>
 <node id="1621881722" visible="true" version="2" changeset="63386225" timestamp="2018-10-10T16:17:41Z" user="kauron" uid="5765821" lat="39.4816266" lon="-0.3437062"/>
 <node id="1621881723" visible="true" version="2" changeset="63386225" timestamp="2018-10-10T16:17:41Z" user="kauron" uid="5765821" lat="39.4816277" lon="-0.3436154"/>
 <node id="1621881724" visible="true" version="2" changeset="63386225" timestamp="2018-10-10T16:17:41Z" user="kauron" uid="5765821" lat="39.4816370" lon="-0.3437000"/>
 <node id="1621881725" visible="true" version="2" changeset="63386225" timestamp="2018-10-10T16:17:41Z" user="kauron" uid="5765821" lat="39.4816038" lon="-0.3437050"/>
 <node id="1621881726" visible="true" version="3" changeset="150748880" timestamp="2024-05-01T12:48:55Z" user="MikelCalo" uid="11126976" lat="39.4834254" lon="-0.3448614"/>
 <node id="1621881729" visible="true" version="3" changeset="141094351" timestamp="2023-09-11T06:54:17Z" user="Saicpp" uid="19253508" lat="39.4821886" lon="-0.3449966"/>
 <node id="1621881731" visible="true" version="2" changeset="150748880" timestamp="2024-05-01T12:48:55Z" user="MikelCalo" uid="11126976" lat="39.4819127" lon="-0.3440657"/>
 <node id="1621881746" visible="true" version="2" changeset="63386225" timestamp="2018-10-10T16:17:41Z" user="kauron" uid="5765821" lat="39.4816029" lon="-0.3436167"/>
 <node id="1621881748" visible="true" version="2" changeset="63386225" timestamp="2018-10-10T16:17:41Z" user="kauron" uid="5765821" lat="39.4816532" lon="-0.3436621"/>
 <node id="1621881753" visible="true" version="1" changeset="10613673" timestamp="2012-02-07T17:27:52Z" user="rubensd" uid="472193" lat="39.4833068" lon="-0.3423501"/>
 <node id="1956841556" visible="true" version="1" changeset="13442303" timestamp="2012-10-10T15:11:57Z" user="rubensd" uid="472193" lat="39.4808459" lon="-0.3415315"/>
 <node id="1956841597" visible="true" version="8" changeset="183964653" timestamp="2026-06-11T10:40:34Z" user="Bastian Greshake Tzovaras" uid="20617622" lat="39.4813280" lon="-0.3439037">
  <tag k="addr:city" v="València"/>
  <tag k="addr:postcode" v="46022"/>
  <tag k="addr:street" v="Camí de Vera"/>
  <tag k="check_date" v="2026-06-11"/>
  <tag k="check_date:opening_hours" v="2026-06-11"/>
  <tag k="name" v="Peluquería"/>
  <tag k="name:ca" v="Peruqueria"/>
  <tag k="opening_hours" v="Mo-Fr 09:00-19:00; Sa 10:00-13:00"/>
  <tag k="shop" v="hairdresser"/>
 </node>
 <node id="1956841601" visible="true" version="7" changeset="174871224" timestamp="2025-11-19T17:49:32Z" user="aTarom" uid="5127355" lat="39.4812444" lon="-0.3436051">
  <tag k="addr:city" v="València"/>
  <tag k="addr:postcode" v="46022"/>
  <tag k="addr:street" v="Camí de Vera"/>
  <tag k="email" v="escaire@escaire.net"/>
  <tag k="fax" v="+34961681304"/>
  <tag k="name" v="Escaire"/>
  <tag k="operator" v="Escaire.net"/>
  <tag k="phone" v="+34963697887 x78968"/>
  <tag k="shop" v="computer"/>
  <tag k="website" v="http://www.escaire.net/"/>
 </node>
 <node id="1958683334" visible="true" version="7" changeset="164394595" timestamp="2025-04-01T21:23:39Z" user="Templaillo Ahí" uid="22572914" lat="39.4811277" lon="-0.3436380">
  <tag k="amenity" v="bicycle_rental"/>
  <tag k="bicycle_rental" v="docking_station"/>
  <tag k="brand" v="Valenbisi"/>
  <tag k="brand:wikidata" v="Q9092320"/>
  <tag k="brand:wikipedia" v="es:Valenbisi"/>
  <tag k="capacity" v="38"/>
  <tag k="name" v="113 ETS Camins"/>
  <tag k="network" v="Valenbisi"/>
  <tag k="network:wikidata" v="Q9092320"/>
  <tag k="network:wikipedia" v="es:Valenbisi"/>
  <tag k="operator" v="Cyclocity"/>
  <tag k="operator:type" v="private"/>
  <tag k="operator:wikidata" v="Q3008464"/>
  <tag k="operator:wikipedia" v="es:Cyclocity"/>
  <tag k="ref" v="113"/>
  <tag k="rental" v="city_bike"/>
  <tag k="website" v="http://www.valenbisi.es/"/>
 </node>
 <node id="1958714207" visible="true" version="3" changeset="150710988" timestamp="2024-04-30T14:21:28Z" user="MikelCalo" uid="11126976" lat="39.4812411" lon="-0.3454026"/>
 <node id="1958716526" visible="true" version="3" changeset="128933361" timestamp="2022-11-15T11:05:06Z" user="MikelCalo" uid="11126976" lat="39.4822424" lon="-0.3454190"/>
 <node id="1958769668" visible="true" version="2" changeset="150710988" timestamp="2024-04-30T14:21:28Z" user="MikelCalo" uid="11126976" lat="39.4809258" lon="-0.3445128"/>
 <node id="1958769677" visible="true" version="3" changeset="150710988" timestamp="2024-04-30T14:21:28Z" user="MikelCalo" uid="11126976" lat="39.4809346" lon="-0.3443557"/>
 <node id="1958769679" visible="true" version="1" changeset="13455352" timestamp="2012-10-11T17:13:53Z" user="rubensd" uid="472193" lat="39.4801372" lon="-0.3443869"/>
 <node id="1958769683" visible="true" version="3" changeset="150710988" timestamp="2024-04-30T14:21:28Z" user="MikelCalo" uid="11126976" lat="39.4809739" lon="-0.3444891"/>
 <node id="1958769689" visible="true" version="2" changeset="150710988" timestamp="2024-04-30T14:21:28Z" user="MikelCalo" uid="11126976" lat="39.4806360" lon="-0.3446917"/>
 <node id="1958769694" visible="true" version="2" changeset="150710988" timestamp="2024-04-30T14:21:28Z" user="MikelCalo" uid="11126976" lat="39.4803272" lon="-0.3448443"/>
 <node id="1958814135" visible="true" version="2" changeset="141041250" timestamp="2023-09-09T21:52:32Z" user="Saicpp" uid="19253508" lat="39.4819331" lon="-0.3434318"/>
 <node id="1958814142" visible="true" version="3" changeset="175660973" timestamp="2025-12-08T11:06:02Z" user="Carlos244" uid="21450926" lat="39.4820631" lon="-0.3438391">
  <tag k="air_conditioning" v="yes"/>
  <tag k="check_date" v="2025-12-08"/>
  <tag k="email" v="info@sevensoluciones.com"/>
  <tag k="fax" v="+34 963 69 14 16"/>
  <tag k="level" v="0"/>
  <tag k="name" v="Papelería Politécnica"/>
  <tag k="opening_hours" v="Mo-Fr 08:45-14:00,15:45-19:00; Sa 10:00-12:00; Su off"/>
  <tag k="payment:cash" v="yes"/>
  <tag k="payment:credit_cards" v="yes"/>
  <tag k="payment:debit_cards" v="yes"/>
  <tag k="phone" v="+34 963691416; +34 963 81 59 54"/>
  <tag k="shop" v="stationery"/>
  <tag k="website" v="https://papeleriapolitecnica.es"/>
 </node>
 <node id="1958814145" visible="true" version="3" changeset="161707686" timestamp="2025-01-24T11:10:09Z" user="JFabuel" uid="15202241" lat="39.4812706" lon="-0.3436998">
  <tag k="information" v="office"/>
  <tag k="name" v="UPV Welcome Store"/>
  <tag k="operator" v="UPV"/>
  <tag k="tourism" v="information"/>
 </node>
 <node id="1958814148" visible="true" version="2" changeset="150710988" timestamp="2024-04-30T14:21:28Z" user="MikelCalo" uid="11126976" lat="39.4820574" lon="-0.3435106"/>
 <node id="1958814153" visible="true" version="3" changeset="150710988" timestamp="2024-04-30T14:21:28Z" user="MikelCalo" uid="11126976" lat="39.4819733" lon="-0.3435516"/>
 <node id="1958814157" visible="true" version="2" changeset="141041250" timestamp="2023-09-09T21:52:32Z" user="Saicpp" uid="19253508" lat="39.4820183" lon="-0.3433919"/>
 <node id="1958837767" visible="true" version="3" changeset="150710988" timestamp="2024-04-30T14:21:28Z" user="MikelCalo" uid="11126976" lat="39.4819622" lon="-0.3440084"/>
 <node id="1958837776" visible="true" version="1" changeset="13455352" timestamp="2012-10-11T17:58:48Z" user="rubensd" uid="472193" lat="39.4812031" lon="-0.3427866"/>
 <node id="1958837778" visible="true" version="3" changeset="150710988" timestamp="2024-04-30T14:21:28Z" user="MikelCalo" uid="11126976" lat="39.4819926" lon="-0.3439148"/>
 <node id="1958837780" visible="true" version="4" changeset="150710988" timestamp="2024-04-30T14:21:28Z" user="MikelCalo" uid="11126976" lat="39.4815106" lon="-0.3441495"/>
 <node id="1958837782" visible="true" version="4" changeset="150710988" timestamp="2024-04-30T14:21:28Z" user="MikelCalo" uid="11126976" lat="39.4815823" lon="-0.3441902"/>
 <node id="1958837784" visible="true" version="3" changeset="150710988" timestamp="2024-04-30T14:21:28Z" user="MikelCalo" uid="11126976" lat="39.4813111" lon="-0.3437294"/>
 <node id="1958837786" visible="true" version="3" changeset="150710988" timestamp="2024-04-30T14:21:28Z" user="MikelCalo" uid="11126976" lat="39.4819419" lon="-0.3439393"/>
 <node id="1958837788" visible="true" version="1" changeset="13455352" timestamp="2012-10-11T17:58:48Z" user="rubensd" uid="472193" lat="39.4813244" lon="-0.3432164"/>
 <node id="1958837790" visible="true" version="3" changeset="127037114" timestamp="2022-10-05T09:16:44Z" user="MikelCalo" uid="11126976" lat="39.4831532" lon="-0.3428817"/>
 <node id="1958837792" visible="true" version="1" changeset="13455352" timestamp="2012-10-11T17:58:48Z" user="rubensd" uid="472193" lat="39.4811851" lon="-0.3427233"/>
 <node id="1958837796" visible="true" version="3" changeset="150710988" timestamp="2024-04-30T14:21:28Z" user="MikelCalo" uid="11126976" lat="39.4813485" lon="-0.3438567"/>
 <node id="1958837798" visible="true" version="3" changeset="150710988" timestamp="2024-04-30T14:21:28Z" user="MikelCalo" uid="11126976" lat="39.4812274" lon="-0.3437701"/>
 <node id="1958837799" visible="true" version="4" changeset="150710988" timestamp="2024-04-30T14:21:28Z" user="MikelCalo" uid="11126976" lat="39.4815628" lon="-0.3441238"/>
 <node id="1958837800" visible="true" version="3" changeset="150710988" timestamp="2024-04-30T14:21:28Z" user="MikelCalo" uid="11126976" lat="39.4820118" lon="-0.3439840"/>
 <node id="1958837801" visible="true" version="3" changeset="150710988" timestamp="2024-04-30T14:21:28Z" user="MikelCalo" uid="11126976" lat="39.4812649" lon="-0.3438977"/>
 <node id="1958837802" visible="true" version="1" changeset="13455352" timestamp="2012-10-11T17:58:49Z" user="rubensd" uid="472193" lat="39.4817694" lon="-0.3435802"/>
 <node id="1958837803" visible="true" version="4" changeset="150710988" timestamp="2024-04-30T14:21:28Z" user="MikelCalo" uid="11126976" lat="39.4815301" lon="-0.3442159"/>
 <node id="1958851561" visible="true" version="3" changeset="141041250" timestamp="2023-09-09T21:52:32Z" user="Saicpp" uid="19253508" lat="39.4817548" lon="-0.3430439"/>
 <node id="1958851564" visible="true" version="4" changeset="141041250" timestamp="2023-09-09T21:52:32Z" user="Saicpp" uid="19253508" lat="39.4819967" lon="-0.3429359"/>
 <node id="1958851580" visible="true" version="3" changeset="141041250" timestamp="2023-09-09T21:52:32Z" user="Saicpp" uid="19253508" lat="39.4817141" lon="-0.3430641"/>
 <node id="1958874074" visible="true" version="2" changeset="13507893" timestamp="2012-10-15T17:54:31Z" user="rubensd" uid="472193" lat="39.4798754" lon="-0.3439454">
  <tag k="barrier" v="lift_gate"/>
 </node>
 <node id="1958874080" visible="true" version="2" changeset="13507893" timestamp="2012-10-15T18:56:54Z" user="rubensd" uid="472193" lat="39.4829877" lon="-0.3424422"/>
 <node id="1958874100" visible="true" version="1" changeset="13455352" timestamp="2012-10-11T18:22:01Z" user="rubensd" uid="472193" lat="39.4818072" lon="-0.3437082"/>
 <node id="1958874122" visible="true" version="3" changeset="70338282" timestamp="2019-05-16T23:45:48Z" user="lorenzog89" uid="482753" lat="39.4832665" lon="-0.3428245"/>
 <node id="1958874124" visible="true" version="1" changeset="13455352" timestamp="2012-10-11T18:22:01Z" user="rubensd" uid="472193" lat="39.4815810" lon="-0.3440840"/>
 <node id="1958874128" visible="true" version="2" changeset="150748880" timestamp="2024-05-01T12:48:55Z" user="MikelCalo" uid="11126976" lat="39.4813603" lon="-0.3437803"/>
 <node id="1958874135" visible="true" version="1" changeset="13455352" timestamp="2012-10-11T18:22:01Z" user="rubensd" uid="472193" lat="39.4816268" lon="-0.3430955"/>
 <node id="1958874138" visible="true" version="1" changeset="13455352" timestamp="2012-10-11T18:22:01Z" user="rubensd" uid="472193" lat="39.4813310" lon="-0.3432395"/>
 <node id="1958874146" visible="true" version="1" changeset="13455352" timestamp="2012-10-11T18:22:02Z" user="rubensd" uid="472193" lat="39.4812406" lon="-0.3433570"/>
 <node id="1958874149" visible="true" version="3" changeset="150748880" timestamp="2024-05-01T12:48:55Z" user="MikelCalo" uid="11126976" lat="39.4814622" lon="-0.3441404"/>
 <node id="1958874151" visible="true" version="2" changeset="85341251" timestamp="2020-05-17T16:40:06Z" user="jfe2erfn" uid="11190680" lat="39.4817217" lon="-0.3434188"/>
 <node id="1958874173" visible="true" version="3" changeset="128933361" timestamp="2022-11-15T11:05:06Z" user="MikelCalo" uid="11126976" lat="39.4798425" lon="-0.3439689"/>
 <node id="1958874174" visible="true" version="1" changeset="13455352" timestamp="2012-10-11T18:22:02Z" user="rubensd" uid="472193" lat="39.4814397" lon="-0.3436070"/>
 <node id="1958882976" visible="true" version="1" changeset="13455352" timestamp="2012-10-11T18:26:49Z" user="rubensd" uid="472193" lat="39.4819300" lon="-0.3429499"/>
 <node id="1958882978" visible="true" version="1" changeset="13455352" timestamp="2012-10-11T18:26:49Z" user="rubensd" uid="472193" lat="39.4816680" lon="-0.3432368"/>
 <node id="1958882979" visible="true" version="1" changeset="13455352" timestamp="2012-10-11T18:26:49Z" user="rubensd" uid="472193" lat="39.4813499" lon="-0.3433052"/>
 <node id="1958882980" visible="true" version="3" changeset="150710988" timestamp="2024-04-30T14:21:28Z" user="MikelCalo" uid="11126976" lat="39.4810715" lon="-0.3433556"/>
 <node id="1958882981" visible="true" version="4" changeset="150748880" timestamp="2024-05-01T12:48:55Z" user="MikelCalo" uid="11126976" lat="39.4822135" lon="-0.3439201"/>
 <node id="1958882982" visible="true" version="2" changeset="150710988" timestamp="2024-04-30T14:21:28Z" user="MikelCalo" uid="11126976" lat="39.4813543" lon="-0.3443386"/>
 <node id="1958882984" visible="true" version="3" changeset="150748880" timestamp="2024-05-01T12:48:55Z" user="MikelCalo" uid="11126976" lat="39.4819199" lon="-0.3435042"/>
 <node id="1958882985" visible="true" version="2" changeset="150748880" timestamp="2024-05-01T12:48:55Z" user="MikelCalo" uid="11126976" lat="39.4820239" lon="-0.3438660"/>
 <node id="1958882986" visible="true" version="2" changeset="141041250" timestamp="2023-09-09T21:52:32Z" user="Saicpp" uid="19253508" lat="39.4818742" lon="-0.3439382"/>
 <node id="1958882992" visible="true" version="3" changeset="150748880" timestamp="2024-05-01T12:48:55Z" user="MikelCalo" uid="11126976" lat="39.4818218" lon="-0.3431626"/>
 <node id="1958902018" visible="true" version="3" changeset="141041250" timestamp="2023-09-09T21:52:32Z" user="Saicpp" uid="19253508" lat="39.4818621" lon="-0.3429964"/>
 <node id="1960406002" visible="true" version="3" changeset="150710988" timestamp="2024-04-30T14:21:28Z" user="MikelCalo" uid="11126976" lat="39.4820737" lon="-0.3434329"/>
 <node id="1960406675" visible="true" version="3" changeset="150748880" timestamp="2024-05-01T12:48:55Z" user="MikelCalo" uid="11126976" lat="39.4812143" lon="-0.3438519"/>
 <node id="1960415608" visible="true" version="1" changeset="13465651" timestamp="2012-10-12T11:52:06Z" user="rubensd" uid="472193" lat="39.4830259" lon="-0.3454006"/>
 <node id="1960415610" visible="true" version="1" changeset="13465651" timestamp="2012-10-12T11:52:06Z" user="rubensd" uid="472193" lat="39.4826512" lon="-0.3438825"/>
 <node id="1960415612" visible="true" version="1" changeset="13465651" timestamp="2012-10-12T11:52:06Z" user="rubensd" uid="472193" lat="39.4827340" lon="-0.3441722"/>
 <node id="1960415614" visible="true" version="1" changeset="13465651" timestamp="2012-10-12T11:52:06Z" user="rubensd" uid="472193" lat="39.4830549" lon="-0.3453121"/>
 <node id="1960415616" visible="true" version="1" changeset="13465651" timestamp="2012-10-12T11:52:06Z" user="rubensd" uid="472193" lat="39.4830653" lon="-0.3452290"/>
 <node id="1960415619" visible="true" version="1" changeset="13465651" timestamp="2012-10-12T11:52:06Z" user="rubensd" uid="472193" lat="39.4830301" lon="-0.3454757"/>
 <node id="1960415621" visible="true" version="3" changeset="129155438" timestamp="2022-11-20T12:56:18Z" user="MikelCalo" uid="11126976" lat="39.4829950" lon="-0.3451135"/>
 <node id="1960415624" visible="true" version="1" changeset="13465651" timestamp="2012-10-12T11:52:06Z" user="rubensd" uid="472193" lat="39.4827775" lon="-0.3442285"/>
 <node id="1960415627" visible="true" version="2" changeset="128933361" timestamp="2022-11-15T11:05:06Z" user="MikelCalo" uid="11126976" lat="39.4831460" lon="-0.3458626"/>
 <node id="1967063056" visible="true" version="1" changeset="13507893" timestamp="2012-10-15T16:59:33Z" user="rubensd" uid="472193" lat="39.4807424" lon="-0.3424988"/>
 <node id="1967063060" visible="true" version="2" changeset="13507893" timestamp="2012-10-15T17:54:31Z" user="rubensd" uid="472193" lat="39.4810053" lon="-0.3433974"/>
 <node id="1967063087" visible="true" version="2" changeset="13507893" timestamp="2012-10-15T17:54:31Z" user="rubensd" uid="472193" lat="39.4802957" lon="-0.3437416"/>
 <node id="1967182136" visible="true" version="3" changeset="150710988" timestamp="2024-04-30T14:21:28Z" user="MikelCalo" uid="11126976" lat="39.4810424" lon="-0.3434090"/>
 <node id="1967182147" visible="true" version="3" changeset="150710988" timestamp="2024-04-30T14:21:28Z" user="MikelCalo" uid="11126976" lat="39.4807054" lon="-0.3435734"/>
 <node id="1967275024" visible="true" version="4" changeset="150748880" timestamp="2024-05-01T12:48:55Z" user="MikelCalo" uid="11126976" lat="39.4829262" lon="-0.3435750"/>
 <node id="1967275034" visible="true" version="2" changeset="13538348" timestamp="2012-10-17T22:46:39Z" user="rubensd" uid="472193" lat="39.4827128" lon="-0.3415088"/>
 <node id="1967275036" visible="true" version="3" changeset="140997782" timestamp="2023-09-08T18:04:29Z" user="Saicpp" uid="19253508" lat="39.4831448" lon="-0.3428969"/>
 <node id="1967275039" visible="true" version="2" changeset="13538348" timestamp="2012-10-17T22:46:40Z" user="rubensd" uid="472193" lat="39.4829622" lon="-0.3413875"/>
 <node id="1970830582" visible="true" version="1" changeset="13538348" timestamp="2012-10-17T22:46:39Z" user="rubensd" uid="472193" lat="39.4830483" lon="-0.3413456"/>
 <node id="3067097305" visible="true" version="1" changeset="25313114" timestamp="2014-09-08T18:10:13Z" user="issalig" uid="2300215" lat="39.4806703" lon="-0.3435599"/>
 <node id="3067097306" visible="true" version="4" changeset="150748880" timestamp="2024-05-01T12:48:55Z" user="MikelCalo" uid="11126976" lat="39.4808052" lon="-0.3440533"/>
 <node id="3067097307" visible="true" version="2" changeset="141041250" timestamp="2023-09-09T21:52:32Z" user="Saicpp" uid="19253508" lat="39.4803340" lon="-0.3437229"/>
 <node id="3067097308" visible="true" version="3" changeset="150748880" timestamp="2024-05-01T12:48:55Z" user="MikelCalo" uid="11126976" lat="39.4804767" lon="-0.3442157"/>
 <node id="3067558829" visible="true" version="1" changeset="25316762" timestamp="2014-09-08T21:17:40Z" user="issalig" uid="2300215" lat="39.4808769" lon="-0.3429586"/>
 <node id="3081502521" visible="true" version="4" changeset="131025931" timestamp="2023-01-08T18:24:02Z" user="Jordi MF" uid="8278438" lat="39.4820522" lon="-0.3441191">
  <tag k="addr:city" v="València"/>
  <tag k="addr:postcode" v="46022"/>
  <tag k="addr:street" v="Camí de Vera"/>
  <tag k="fax" v="+34 963 877 719"/>
  <tag k="government" v="administrative"/>
  <tag k="name" v="Oficina de Programes Internacionals d'Intercanvi"/>
  <tag k="name:ca" v="Oficina de Programes Internacionals d'Intercanvi"/>
  <tag k="name:en" v="International Exchange Programmes Office"/>
  <tag k="name:es" v="Oficina de Programas Internacionales de Intercambio"/>
  <tag k="nohousenumber" v="yes"/>
  <tag k="office" v="government"/>
  <tag k="operator" v="Universitat Politècnica de València"/>
  <tag k="phone" v="+34 963 877 785"/>
  <tag k="website" v="http://www.opii.upv.es"/>
 </node>
 <node id="4061377757" visible="true" version="4" changeset="141041250" timestamp="2023-09-09T21:52:32Z" user="Saicpp" uid="19253508" lat="39.4827823" lon="-0.3430799"/>
 <node id="4061377758" visible="true" version="1" changeset="37839529" timestamp="2016-03-15T10:15:05Z" user="NetVicious" uid="3618092" lat="39.4823859" lon="-0.3416678"/>
 <node id="4061377760" visible="true" version="1" changeset="37839529" timestamp="2016-03-15T10:15:05Z" user="NetVicious" uid="3618092" lat="39.4820414" lon="-0.3418353"/>
 <node id="4061377761" visible="true" version="4" changeset="141000693" timestamp="2023-09-08T19:48:51Z" user="Saicpp" uid="19253508" lat="39.4831903" lon="-0.3418427"/>
 <node id="5250670507" visible="true" version="2" changeset="129155438" timestamp="2022-11-20T12:56:18Z" user="MikelCalo" uid="11126976" lat="39.4822681" lon="-0.3425845"/>
 <node id="5250670996" visible="true" version="1" changeset="54127768" timestamp="2017-11-27T17:29:05Z" user="Datoo" uid="6890717" lat="39.4825528" lon="-0.3422664"/>
 <node id="5250672475" visible="true" version="2" changeset="85341251" timestamp="2020-05-17T16:40:06Z" user="jfe2erfn" uid="11190680" lat="39.4821851" lon="-0.3423004"/>
 <node id="5250672480" visible="true" version="4" changeset="129155438" timestamp="2022-11-20T12:56:18Z" user="MikelCalo" uid="11126976" lat="39.4823185" lon="-0.3427643"/>
 <node id="5250673646" visible="true" version="3" changeset="129155438" timestamp="2022-11-20T12:56:18Z" user="MikelCalo" uid="11126976" lat="39.4825156" lon="-0.3421385"/>
 <node id="5250673649" visible="true" version="4" changeset="129155438" timestamp="2022-11-20T12:56:18Z" user="MikelCalo" uid="11126976" lat="39.4826500" lon="-0.3426009"/>
 <node id="5250675221" visible="true" version="2" changeset="85341251" timestamp="2020-05-17T16:40:06Z" user="jfe2erfn" uid="11190680" lat="39.4818520" lon="-0.3424684"/>
 <node id="5972588680" visible="true" version="1" changeset="63386225" timestamp="2018-10-10T16:17:36Z" user="kauron" uid="5765821" lat="39.4816469" lon="-0.3436338"/>
 <node id="7015750697" visible="true" version="2" changeset="85314428" timestamp="2020-05-16T19:05:51Z" user="jfe2erfn" uid="11190680" lat="39.4816662" lon="-0.3425590">
  <tag k="entrance" v="staircase"/>
  <tag k="wheelchair" v="yes"/>
 </node>
 <node id="7015750698" visible="true" version="2" changeset="85314428" timestamp="2020-05-16T19:05:51Z" user="jfe2erfn" uid="11190680" lat="39.4817029" lon="-0.3425438">
  <tag k="access" v="yes"/>
  <tag k="entrance" v="secondary"/>
  <tag k="level" v="0"/>
  <tag k="wheelchair" v="yes"/>
 </node>
 <node id="7015750701" visible="true" version="4" changeset="141041250" timestamp="2023-09-09T21:52:32Z" user="Saicpp" uid="19253508" lat="39.4824562" lon="-0.3432475"/>
 <node id="7015750702" visible="true" version="2" changeset="85341251" timestamp="2020-05-17T16:40:06Z" user="jfe2erfn" uid="11190680" lat="39.4828533" lon="-0.3419873"/>
 <node id="7015750703" visible="true" version="3" changeset="129155438" timestamp="2022-11-20T12:56:18Z" user="MikelCalo" uid="11126976" lat="39.4828105" lon="-0.3419912"/>
 <node id="7372710439" visible="true" version="3" changeset="157221570" timestamp="2024-09-28T17:44:32Z" user="Hugoren Martinako" uid="3392826" lat="39.4818716" lon="-0.3432386">
  <tag k="addr:city" v="València"/>
  <tag k="addr:postcode" v="46022"/>
  <tag k="air_conditioning" v="yes"/>
  <tag k="email" v="opticapolitecnica@opopticas.es"/>
  <tag k="level" v="0"/>
  <tag k="name" v="Óptica Politécnica"/>
  <tag k="operator" v="Op Ópticas"/>
  <tag k="phone" v="+34 963615436"/>
  <tag k="shop" v="optician"/>
 </node>
 <node id="7372861321" visible="true" version="4" changeset="141041250" timestamp="2023-09-09T21:52:32Z" user="Saicpp" uid="19253508" lat="39.4824270" lon="-0.3432043"/>
 <node id="7372861322" visible="true" version="4" changeset="141041553" timestamp="2023-09-09T22:08:54Z" user="Saicpp" uid="19253508" lat="39.4822995" lon="-0.3428157"/>
 <node id="7372861323" visible="true" version="4" changeset="141041553" timestamp="2023-09-09T22:08:54Z" user="Saicpp" uid="19253508" lat="39.4820226" lon="-0.3429531"/>
 <node id="7372861324" visible="true" version="4" changeset="141041553" timestamp="2023-09-09T22:08:54Z" user="Saicpp" uid="19253508" lat="39.4821331" lon="-0.3433475"/>
 <node id="7372951288" visible="true" version="4" changeset="141041250" timestamp="2023-09-09T21:52:32Z" user="Saicpp" uid="19253508" lat="39.4827453" lon="-0.3430513"/>
 <node id="7372951289" visible="true" version="4" changeset="141041250" timestamp="2023-09-09T21:52:32Z" user="Saicpp" uid="19253508" lat="39.4826284" lon="-0.3426490"/>
 <node id="7372951290" visible="true" version="4" changeset="141041553" timestamp="2023-09-09T22:08:54Z" user="Saicpp" uid="19253508" lat="39.4823458" lon="-0.3427917"/>
 <node id="7379675730" visible="true" version="3" changeset="141041250" timestamp="2023-09-09T21:52:32Z" user="Saicpp" uid="19253508" lat="39.4830743" lon="-0.3428903"/>
 <node id="7379675731" visible="true" version="3" changeset="141041250" timestamp="2023-09-09T21:52:32Z" user="Saicpp" uid="19253508" lat="39.4829586" lon="-0.3424886"/>
 <node id="7379675732" visible="true" version="3" changeset="141041250" timestamp="2023-09-09T21:52:32Z" user="Saicpp" uid="19253508" lat="39.4826769" lon="-0.3426312"/>
 <node id="7379675733" visible="true" version="3" changeset="141041250" timestamp="2023-09-09T21:52:32Z" user="Saicpp" uid="19253508" lat="39.4827961" lon="-0.3430239"/>
 <node id="7379675735" visible="true" version="6" changeset="174807131" timestamp="2025-11-18T08:39:49Z" user="aTarom" uid="5127355" lat="39.4823770" lon="-0.3420744">
  <tag k="addr:city" v="València"/>
  <tag k="addr:postcode" v="46022"/>
  <tag k="addr:street" v="Camí de Vera"/>
  <tag k="email" v="jortiz@iqn.upv.es"/>
  <tag k="fax" v="+34964877099 x77099"/>
  <tag k="name" v="Laboratorio de Radiactividad Ambiental"/>
  <tag k="nohousenumber" v="yes"/>
  <tag k="office" v="research"/>
  <tag k="phone" v="+34963877098 x77098"/>
  <tag k="website" v="http://www.upv.es/entidades/LRA/"/>
 </node>
 <node id="7379675736" visible="true" version="8" changeset="175325390" timestamp="2025-11-30T18:17:59Z" user="aTarom" uid="5127355" lat="39.4822322" lon="-0.3421684">
  <tag k="addr:city" v="València"/>
  <tag k="addr:postcode" v="46022"/>
  <tag k="addr:street" v="Camí de Vera"/>
  <tag k="email" v="srad@upvnet.upv.es"/>
  <tag k="fax" v="+34963877099 x77099"/>
  <tag k="name" v="Servicio de Radiaciones"/>
  <tag k="nohousenumber" v="yes"/>
  <tag k="office" v="yes"/>
  <tag k="phone" v="+34963877636 x77636"/>
  <tag k="website" v="http://www.upv.es/entidades/SR/"/>
 </node>
 <node id="7379739843" visible="true" version="5" changeset="157221570" timestamp="2024-09-28T17:44:32Z" user="Hugoren Martinako" uid="3392826" lat="39.4821170" lon="-0.3431914">
  <tag k="addr:city" v="València"/>
  <tag k="addr:postcode" v="46022"/>
  <tag k="addr:street" v="Camí de Vera"/>
  <tag k="air_conditioning" v="yes"/>
  <tag k="email" v="spnl@upv.es"/>
  <tag k="fax" v="+34 963879641"/>
  <tag k="level" v="1"/>
  <tag k="name" v="Servei de Promoció i Normalització Lingüística"/>
  <tag k="name:ca" v="Servei de Promoció i Normalització Lingüística"/>
  <tag k="name:es" v="Servicio de Promoción y Normalización Lingüística"/>
  <tag k="nohousenumber" v="yes"/>
  <tag k="office" v="yes"/>
  <tag k="operator" v="Universitat Politècnica de València"/>
  <tag k="phone" v="+34 963877708"/>
  <tag k="website" v="http://www.upv.es/entidades/SPNL/indexv.html"/>
 </node>
 <node id="7379739844" visible="true" version="8" changeset="174826898" timestamp="2025-11-18T18:21:37Z" user="aTarom" uid="5127355" lat="39.4822463" lon="-0.3429508">
  <tag k="addr:city" v="València"/>
  <tag k="addr:postcode" v="46022"/>
  <tag k="addr:street" v="Camí de Vera"/>
  <tag k="faculty" v="industrial_engineering"/>
  <tag k="internet_access" v="yes"/>
  <tag k="level" v="1"/>
  <tag k="name" v="Secretaria Escola Tècnica Superior d'Enginyeria Industrial de València"/>
  <tag k="name:ca" v="Secretaria Escola Tècnica Superior d'Enginyeria Industrial de València"/>
  <tag k="name:es" v="Secretaría Escuela Técnica Superior de Ingeniería Industrial de Valencia"/>
  <tag k="nohousenumber" v="yes"/>
  <tag k="office" v="yes"/>
  <tag k="operator" v="Universitat Politècnica de València"/>
  <tag k="operator:type" v="public"/>
  <tag k="phone" v="+34963877170 x71700"/>
  <tag k="short_name" v="ETSII UPV"/>
  <tag k="website" v="https://www.etsii.upv.es/"/>
 </node>
 <node id="7379971842" visible="true" version="3" changeset="157221570" timestamp="2024-09-28T17:44:32Z" user="Hugoren Martinako" uid="3392826" lat="39.4825008" lon="-0.3427626">
  <tag k="addr:city" v="València"/>
  <tag k="addr:postcode" v="46022"/>
  <tag k="addr:street" v="Camí de Vera"/>
  <tag k="email" v="depmes@upvnet.upv.es"/>
  <tag k="fax" v="+34 963879679"/>
  <tag k="name" v="Departamento de Mecánica de los Medios Continuos y Teoría de Estructuras"/>
  <tag k="nohousenumber" v="yes"/>
  <tag k="office" v="educational_institution"/>
  <tag k="phone" v="+34 963877670"/>
  <tag k="website" v="http://www.upv.es/dmmc/"/>
 </node>
 <node id="7379971843" visible="true" version="3" changeset="157221570" timestamp="2024-09-28T17:44:32Z" user="Hugoren Martinako" uid="3392826" lat="39.4825349" lon="-0.3431035">
  <tag k="addr:city" v="València"/>
  <tag k="addr:postcode" v="46022"/>
  <tag k="addr:street" v="Camí de Vera"/>
  <tag k="email" v="info@isirym.upv.es"/>
  <tag k="fax" v="+34 963877148"/>
  <tag k="name" v="Instituto Universitario de Seguridad Industrial, Radiofísica y Medioambiental"/>
  <tag k="nohousenumber" v="yes"/>
  <tag k="office" v="research"/>
  <tag k="phone" v="+34 963879390"/>
  <tag k="website" v="http://www.upv.es/isirym"/>
 </node>
 <node id="7379971844" visible="true" version="3" changeset="157221570" timestamp="2024-09-28T17:44:32Z" user="Hugoren Martinako" uid="3392826" lat="39.4825898" lon="-0.3420044">
  <tag k="addr:city" v="València"/>
  <tag k="addr:postcode" v="46022"/>
  <tag k="addr:street" v="Camí de Vera"/>
  <tag k="email" v="info@isirym.upv.es"/>
  <tag k="fax" v="+34 963877148"/>
  <tag k="name" v="Instituto Universitario de Seguridad Industrial, Radiofísica y Medioambiental"/>
  <tag k="nohousenumber" v="yes"/>
  <tag k="office" v="research"/>
  <tag k="phone" v="+34 963879390"/>
  <tag k="website" v="http://www.upv.es/isirym"/>
 </node>
 <node id="7379971845" visible="true" version="5" changeset="174900218" timestamp="2025-11-20T10:42:49Z" user="aTarom" uid="5127355" lat="39.4829573" lon="-0.3427659">
  <tag k="addr:city" v="València"/>
  <tag k="addr:postcode" v="46022"/>
  <tag k="addr:street" v="Camí de Vera"/>
  <tag k="email" v="depdpi@upvnet.upv.es"/>
  <tag k="fax" v="+34963879869"/>
  <tag k="name" v="Departamento de Proyectos de Ingeniería"/>
  <tag k="nohousenumber" v="yes"/>
  <tag k="office" v="educational_institution"/>
  <tag k="operator" v="Universitat Politècnica de València"/>
  <tag k="phone" v="+34963879860 x79860"/>
  <tag k="website" v="http://www.dpi.upv.es/"/>
 </node>
 <node id="7379971846" visible="true" version="3" changeset="157221570" timestamp="2024-09-28T17:44:32Z" user="Hugoren Martinako" uid="3392826" lat="39.4827349" lon="-0.3427545">
  <tag k="addr:city" v="València"/>
  <tag k="addr:postcode" v="46022"/>
  <tag k="addr:street" v="Camí de Vera"/>
  <tag k="email" v="depter@upvnet.upv.es"/>
  <tag k="fax" v="+34 96 387 90 09"/>
  <tag k="name" v="Departamento de Termodinámica Aplicada"/>
  <tag k="nohousenumber" v="yes"/>
  <tag k="office" v="educational_institution"/>
  <tag k="operator" v="Universitat Politècnica de València"/>
  <tag k="phone" v="+34 96 387 70 00"/>
 </node>
 <node id="7405876725" visible="true" version="4" changeset="141041250" timestamp="2023-09-09T21:52:32Z" user="Saicpp" uid="19253508" lat="39.4819534" lon="-0.3429174"/>
 <node id="7405876726" visible="true" version="4" changeset="141041250" timestamp="2023-09-09T21:52:32Z" user="Saicpp" uid="19253508" lat="39.4818386" lon="-0.3425155"/>
 <node id="7405876727" visible="true" version="4" changeset="141041250" timestamp="2023-09-09T21:52:32Z" user="Saicpp" uid="19253508" lat="39.4815560" lon="-0.3426643"/>
 <node id="7405876728" visible="true" version="4" changeset="141041250" timestamp="2023-09-09T21:52:32Z" user="Saicpp" uid="19253508" lat="39.4816736" lon="-0.3430523"/>
 <node id="7405876729" visible="true" version="3" changeset="141041250" timestamp="2023-09-09T21:52:32Z" user="Saicpp" uid="19253508" lat="39.4817678" lon="-0.3424852"/>
 <node id="7405876730" visible="true" version="2" changeset="85696603" timestamp="2020-05-24T22:40:27Z" user="jfe2erfn" uid="11190680" lat="39.4816561" lon="-0.3420803"/>
 <node id="7405876731" visible="true" version="3" changeset="141041250" timestamp="2023-09-09T21:52:32Z" user="Saicpp" uid="19253508" lat="39.4814209" lon="-0.3422013"/>
 <node id="7405876732" visible="true" version="3" changeset="141041250" timestamp="2023-09-09T21:52:32Z" user="Saicpp" uid="19253508" lat="39.4815396" lon="-0.3425953"/>
 <node id="7405876733" visible="true" version="3" changeset="157221570" timestamp="2024-09-28T17:44:32Z" user="Hugoren Martinako" uid="3392826" lat="39.4817563" lon="-0.3426392">
  <tag k="addr:city" v="València"/>
  <tag k="addr:postcode" v="46022"/>
  <tag k="addr:street" v="Camí de Vera"/>
  <tag k="air_conditioning" v="yes"/>
  <tag k="alt_name" v="DISA UPV"/>
  <tag k="email" v="disa@upvnet.upv.es"/>
  <tag k="fax" v="+34 963879579"/>
  <tag k="level" v="3"/>
  <tag k="name" v="Departament d'Enginyeria de Sistemes i Automàtica"/>
  <tag k="name:ca" v="Departament d'Enginyeria de Sistemes i Automàtica"/>
  <tag k="name:es" v="Departamento de Ingeniería de Sistemas y Automática"/>
  <tag k="office" v="educational_institution"/>
  <tag k="operator" v="Universitat Politècnica de València"/>
  <tag k="phone" v="+34 963879770"/>
  <tag k="website" v="http://www.isa.upv.es"/>
  <tag k="wheelchair" v="yes"/>
 </node>
 <node id="7405876734" visible="true" version="3" changeset="157221570" timestamp="2024-09-28T17:44:32Z" user="Hugoren Martinako" uid="3392826" lat="39.4816093" lon="-0.3427009">
  <tag k="addr:city" v="València"/>
  <tag k="addr:postcode" v="46022"/>
  <tag k="addr:street" v="Camí de Vera"/>
  <tag k="air_conditioning" v="yes"/>
  <tag k="email" v="jasensi@upvnet.upv.es"/>
  <tag k="name" v="Centre de Medi Ambient Industrial"/>
  <tag k="name:ca" v="Centre de Medi Ambient Industrial"/>
  <tag k="name:es" v="Centro de Medio Ambiente Industrial"/>
  <tag k="office" v="research"/>
  <tag k="phone" v="+34 963 877 091"/>
 </node>
 <node id="7405876735" visible="true" version="2" changeset="157221570" timestamp="2024-09-28T17:44:32Z" user="Hugoren Martinako" uid="3392826" lat="39.4817376" lon="-0.3429718">
  <tag k="addr:city" v="València"/>
  <tag k="addr:postcode" v="46022"/>
  <tag k="addr:street" v="Camí de Vera"/>
  <tag k="email" v="fluing@upv.es"/>
  <tag k="name" v="Grupo FluIng IMM"/>
  <tag k="office" v="research"/>
  <tag k="operator" v="IUniversitat Politència de València"/>
  <tag k="phone" v="+34 628 02 88 04"/>
 </node>
 <node id="7405876736" visible="true" version="3" changeset="157221570" timestamp="2024-09-28T17:44:32Z" user="Hugoren Martinako" uid="3392826" lat="39.4816321" lon="-0.3428645">
  <tag k="addr:city" v="València"/>
  <tag k="addr:postcode" v="46022"/>
  <tag k="addr:street" v="Camí de Vera"/>
  <tag k="email" v="informacion@ita.upv.es"/>
  <tag k="fax" v="+34 96 387 98 99"/>
  <tag k="name" v="Institut Tecnològic de l'Aigua"/>
  <tag k="name:ca" v="Institut Tecnològic de l'Aigua"/>
  <tag k="name:es" v="Instituto Tecnológico del Agua"/>
  <tag k="office" v="research"/>
  <tag k="operator" v="Universitat Politècnica de València"/>
  <tag k="phone" v="+34 96 387 98 98"/>
  <tag k="website" v="https://ita.upv.es/"/>
 </node>
 <node id="7405876737" visible="true" version="5" changeset="174900247" timestamp="2025-11-20T10:43:36Z" user="aTarom" uid="5127355" lat="39.4814602" lon="-0.3422449">
  <tag k="addr:city" v="València"/>
  <tag k="addr:postcode" v="46022"/>
  <tag k="addr:street" v="Camí de Vera"/>
  <tag k="email" v="gaaai@upvnet.upv.es"/>
  <tag k="fax" v="+34963879529"/>
  <tag k="name" v="Laboratori d'Acústica Industrial"/>
  <tag k="name:ca" v="Laboratori d'Acústica Industrial"/>
  <tag k="name:es" v="Laboratorio de Acústica Industrial"/>
  <tag k="office" v="research"/>
  <tag k="operator" v="Universitat Politècnica de València"/>
  <tag k="phone" v="+34963877524 x75242"/>
 </node>
 <node id="7510538445" visible="true" version="3" changeset="141041250" timestamp="2023-09-09T21:52:32Z" user="Saicpp" uid="19253508" lat="39.4827531" lon="-0.3428939"/>
 <node id="7510538446" visible="true" version="3" changeset="141041250" timestamp="2023-09-09T21:52:32Z" user="Saicpp" uid="19253508" lat="39.4827344" lon="-0.3428269"/>
 <node id="7510538447" visible="true" version="4" changeset="141041250" timestamp="2023-09-09T21:52:32Z" user="Saicpp" uid="19253508" lat="39.4826861" lon="-0.3428493"/>
 <node id="7510538448" visible="true" version="4" changeset="141041250" timestamp="2023-09-09T21:52:32Z" user="Saicpp" uid="19253508" lat="39.4827064" lon="-0.3429168"/>
 <node id="7527101606" visible="true" version="4" changeset="141041553" timestamp="2023-09-09T22:08:54Z" user="Saicpp" uid="19253508" lat="39.4824022" lon="-0.3429931"/>
 <node id="7527101607" visible="true" version="4" changeset="141041250" timestamp="2023-09-09T21:52:32Z" user="Saicpp" uid="19253508" lat="39.4823577" lon="-0.3430072"/>
 <node id="7527101609" visible="true" version="5" changeset="150748880" timestamp="2024-05-01T12:48:55Z" user="MikelCalo" uid="11126976" lat="39.4824534" lon="-0.3433174"/>
 <node id="7527101610" visible="true" version="5" changeset="150748880" timestamp="2024-05-01T12:48:55Z" user="MikelCalo" uid="11126976" lat="39.4825011" lon="-0.3432940"/>
 <node id="7527101611" visible="true" version="5" changeset="141041553" timestamp="2023-09-09T22:08:54Z" user="Saicpp" uid="19253508" lat="39.4824675" lon="-0.3431874"/>
 <node id="7527101612" visible="true" version="3" changeset="141041250" timestamp="2023-09-09T21:52:32Z" user="Saicpp" uid="19253508" lat="39.4816951" lon="-0.3425203"/>
 <node id="7527101613" visible="true" version="3" changeset="141041250" timestamp="2023-09-09T21:52:32Z" user="Saicpp" uid="19253508" lat="39.4816616" lon="-0.3425358"/>
 <node id="7527101614" visible="true" version="3" changeset="141041250" timestamp="2023-09-09T21:52:32Z" user="Saicpp" uid="19253508" lat="39.4816815" lon="-0.3425950"/>
 <node id="7527101615" visible="true" version="3" changeset="141041250" timestamp="2023-09-09T21:52:32Z" user="Saicpp" uid="19253508" lat="39.4817119" lon="-0.3425777"/>
 <node id="7527101617" visible="true" version="3" changeset="141041250" timestamp="2023-09-09T21:52:32Z" user="Saicpp" uid="19253508" lat="39.4818142" lon="-0.3429836">
  <tag k="entrance" v="main"/>
  <tag k="level" v="1"/>
 </node>
 <node id="7527101618" visible="true" version="3" changeset="141041250" timestamp="2023-09-09T21:52:32Z" user="Saicpp" uid="19253508" lat="39.4815646" lon="-0.3421261">
  <tag k="entrance" v="staircase"/>
  <tag k="level" v="0;1;2"/>
 </node>
 <node id="7527101619" visible="true" version="3" changeset="141041250" timestamp="2023-09-09T21:52:32Z" user="Saicpp" uid="19253508" lat="39.4815458" lon="-0.3420614">
  <tag k="entrance" v="staircase"/>
  <tag k="level" v="0;1;2;3"/>
  <tag k="wheelchair" v="yes"/>
 </node>
 <node id="7527101621" visible="true" version="3" changeset="141041250" timestamp="2023-09-09T21:52:32Z" user="Saicpp" uid="19253508" lat="39.4812887" lon="-0.3412375">
  <tag k="entrance" v="secondary"/>
  <tag k="level" v="0"/>
  <tag k="wheelchair" v="yes"/>
 </node>
 <node id="7527101622" visible="true" version="4" changeset="172694061" timestamp="2025-10-01T08:24:05Z" user="Carlos244" uid="21450926" lat="39.4815558" lon="-0.3418676">
  <tag k="addr:city" v="València"/>
  <tag k="addr:postcode" v="46022"/>
  <tag k="addr:street" v="Camí de Vera"/>
  <tag k="check_date" v="2025-10-01"/>
  <tag k="email" v="depelt@upvnet.upv.es"/>
  <tag k="fax" v="+34 963877599"/>
  <tag k="name" v="Departamento de Ingeniería Eléctrica"/>
  <tag k="office" v="research"/>
  <tag k="operator" v="Universitat Politècnica de València"/>
  <tag k="phone" v="+34 963877590"/>
 </node>
 <node id="7527101626" visible="true" version="5" changeset="174900273" timestamp="2025-11-20T10:44:17Z" user="aTarom" uid="5127355" lat="39.4814081" lon="-0.3418919">
  <tag k="addr:city" v="València"/>
  <tag k="addr:postcode" v="46022"/>
  <tag k="addr:street" v="Camí de Vera"/>
  <tag k="email" v="lmd@upvnet.upv.es"/>
  <tag k="fax" v="+34963 877629"/>
  <tag k="name" v="Laboratorio de Metrología Dimensional"/>
  <tag k="office" v="research"/>
  <tag k="operator" v="Universitat Politècnica de València"/>
  <tag k="phone" v="+34963877627 x76270"/>
 </node>
 <node id="7528992392" visible="true" version="4" changeset="174985376" timestamp="2025-11-22T12:01:41Z" user="kapazao_import" uid="8770019" lat="39.4812037" lon="-0.3434679">
  <tag k="addr:city" v="València"/>
  <tag k="addr:postcode" v="46022"/>
  <tag k="addr:street" v="Camí de Vera"/>
  <tag k="amenity" v="driving_school"/>
  <tag k="education" v="driving_school"/>
  <tag k="email" v="politecnico@autoescuelas-jorda.com"/>
  <tag k="name" v="Autoescuela"/>
  <tag k="operator" v="Autoescuelas Jordá"/>
  <tag k="operator:type" v="private"/>
  <tag k="phone" v="+34 963 696 772"/>
  <tag k="website" v="https://www.autoescuelas-jorda.com/centros/autoescuela-universidad-politecnica-upv.php"/>
 </node>
 <node id="7528992398" visible="true" version="1" changeset="85336758" timestamp="2020-05-17T14:33:55Z" user="jfe2erfn" uid="11190680" lat="39.4817915" lon="-0.3419092"/>
 <node id="7528992399" visible="true" version="1" changeset="85336758" timestamp="2020-05-17T14:33:55Z" user="jfe2erfn" uid="11190680" lat="39.4815656" lon="-0.3411228"/>
 <node id="7528992400" visible="true" version="1" changeset="85336758" timestamp="2020-05-17T14:33:55Z" user="jfe2erfn" uid="11190680" lat="39.4814948" lon="-0.3411559"/>
 <node id="7528992401" visible="true" version="1" changeset="85336758" timestamp="2020-05-17T14:33:55Z" user="jfe2erfn" uid="11190680" lat="39.4817286" lon="-0.3419398"/>
 <node id="7528992413" visible="true" version="2" changeset="85688592" timestamp="2020-05-24T16:49:46Z" user="jfe2erfn" uid="11190680" lat="39.4823398" lon="-0.3421861">
  <tag k="entrance" v="main"/>
  <tag k="level" v="0"/>
 </node>
 <node id="7528992414" visible="true" version="1" changeset="85336758" timestamp="2020-05-17T14:33:55Z" user="jfe2erfn" uid="11190680" lat="39.4829545" lon="-0.3421883">
  <tag k="entrance" v="main"/>
  <tag k="level" v="0"/>
 </node>
 <node id="7529116234" visible="true" version="1" changeset="85338276" timestamp="2020-05-17T15:17:01Z" user="jfe2erfn" uid="11190680" lat="39.4826626" lon="-0.3420279">
  <tag k="entrance" v="yes"/>
 </node>
 <node id="7529116235" visible="true" version="1" changeset="85338276" timestamp="2020-05-17T15:17:01Z" user="jfe2erfn" uid="11190680" lat="39.4825480" lon="-0.3416311">
  <tag k="entrance" v="yes"/>
 </node>
 <node id="7529116236" visible="true" version="4" changeset="141041553" timestamp="2023-09-09T22:08:54Z" user="Saicpp" uid="19253508" lat="39.4821691" lon="-0.3428751">
  <tag k="entrance" v="main"/>
  <tag k="level" v="0"/>
  <tag k="wheelchair" v="yes"/>
 </node>
 <node id="7529116237" visible="true" version="4" changeset="141041250" timestamp="2023-09-09T21:52:32Z" user="Saicpp" uid="19253508" lat="39.4823465" lon="-0.3429663">
  <tag k="entrance" v="secondary"/>
  <tag k="level" v="0"/>
  <tag k="wheelchair" v="limited"/>
 </node>
 <node id="7529116238" visible="true" version="4" changeset="141041553" timestamp="2023-09-09T22:08:54Z" user="Saicpp" uid="19253508" lat="39.4822880" lon="-0.3432711">
  <tag k="entrance" v="secondary"/>
  <tag k="level" v="0"/>
 </node>
 <node id="7529116239" visible="true" version="4" changeset="141041553" timestamp="2023-09-09T22:08:54Z" user="Saicpp" uid="19253508" lat="39.4824917" lon="-0.3427167">
  <tag k="entrance" v="main"/>
  <tag k="level" v="0"/>
  <tag k="wheelchair" v="yes"/>
 </node>
 <node id="7529116240" visible="true" version="4" changeset="141041553" timestamp="2023-09-09T22:08:54Z" user="Saicpp" uid="19253508" lat="39.4823920" lon="-0.3429539">
  <tag k="entrance" v="secondary"/>
  <tag k="level" v="0"/>
 </node>
 <node id="7529116241" visible="true" version="4" changeset="141041250" timestamp="2023-09-09T21:52:32Z" user="Saicpp" uid="19253508" lat="39.4826735" lon="-0.3428136">
  <tag k="entrance" v="secondary"/>
 </node>
 <node id="7529116242" visible="true" version="4" changeset="141041250" timestamp="2023-09-09T21:52:32Z" user="Saicpp" uid="19253508" lat="39.4826090" lon="-0.3431181">
  <tag k="entrance" v="secondary"/>
  <tag k="level" v="0"/>
 </node>
 <node id="7529116243" visible="true" version="2" changeset="85688592" timestamp="2020-05-24T16:49:46Z" user="jfe2erfn" uid="11190680" lat="39.4828176" lon="-0.3425524">
  <tag k="entrance" v="main"/>
  <tag k="level" v="0"/>
 </node>
 <node id="7529359364" visible="true" version="2" changeset="85688592" timestamp="2020-05-24T16:49:46Z" user="jfe2erfn" uid="11190680" lat="39.4823816" lon="-0.3417188"/>
 <node id="7529359365" visible="true" version="2" changeset="85688592" timestamp="2020-05-24T16:49:46Z" user="jfe2erfn" uid="11190680" lat="39.4824558" lon="-0.3419749"/>
 <node id="7529359366" visible="true" version="2" changeset="85688592" timestamp="2020-05-24T16:49:46Z" user="jfe2erfn" uid="11190680" lat="39.4820753" lon="-0.3418666"/>
 <node id="7529359367" visible="true" version="1" changeset="85341251" timestamp="2020-05-17T16:40:06Z" user="jfe2erfn" uid="11190680" lat="39.4821548" lon="-0.3428033">
  <tag k="amenity" v="bench"/>
  <tag k="backrest" v="no"/>
  <tag k="material" v="concrete"/>
 </node>
 <node id="7529359368" visible="true" version="1" changeset="85341251" timestamp="2020-05-17T16:40:06Z" user="jfe2erfn" uid="11190680" lat="39.4819749" lon="-0.3428943"/>
 <node id="7529359369" visible="true" version="1" changeset="85341251" timestamp="2020-05-17T16:40:06Z" user="jfe2erfn" uid="11190680" lat="39.4819834" lon="-0.3429238"/>
 <node id="7529359370" visible="true" version="1" changeset="85341251" timestamp="2020-05-17T16:40:06Z" user="jfe2erfn" uid="11190680" lat="39.4812286" lon="-0.3416858"/>
 <node id="7529359372" visible="true" version="1" changeset="85341251" timestamp="2020-05-17T16:40:06Z" user="jfe2erfn" uid="11190680" lat="39.4818224" lon="-0.3424426"/>
 <node id="7529359373" visible="true" version="1" changeset="85341251" timestamp="2020-05-17T16:40:06Z" user="jfe2erfn" uid="11190680" lat="39.4817094" lon="-0.3420527"/>
 <node id="7529359374" visible="true" version="1" changeset="85341251" timestamp="2020-05-17T16:40:06Z" user="jfe2erfn" uid="11190680" lat="39.4816765" lon="-0.3420686"/>
 <node id="7529359375" visible="true" version="1" changeset="85341251" timestamp="2020-05-17T16:40:06Z" user="jfe2erfn" uid="11190680" lat="39.4817897" lon="-0.3424586"/>
 <node id="7529359376" visible="true" version="1" changeset="85341251" timestamp="2020-05-17T16:40:06Z" user="jfe2erfn" uid="11190680" lat="39.4824803" lon="-0.3426379">
  <tag k="amenity" v="bench"/>
  <tag k="backrest" v="no"/>
  <tag k="material" v="concrete"/>
  <tag k="operator" v="Universitat Politècnica de València"/>
 </node>
 <node id="7529359377" visible="true" version="1" changeset="85341251" timestamp="2020-05-17T16:40:06Z" user="jfe2erfn" uid="11190680" lat="39.4828089" lon="-0.3424842">
  <tag k="amenity" v="bench"/>
  <tag k="backrest" v="no"/>
  <tag k="material" v="concrete"/>
  <tag k="operator" v="Universitat Politècnica de València"/>
 </node>
 <node id="7529359378" visible="true" version="4" changeset="173750556" timestamp="2025-10-25T10:53:00Z" user="Carlos244" uid="21450926" lat="39.4818814" lon="-0.3435420">
  <tag k="bottle" v="yes"/>
  <tag k="cold_water" v="no"/>
  <tag k="drinking_water" v="yes"/>
  <tag k="fee" v="no"/>
  <tag k="hot_water" v="no"/>
  <tag k="iced_water" v="no"/>
  <tag k="man_made" v="water_tap"/>
  <tag k="opening_hours" v="Mo-Fr 07:00-23:00; Sa 07:00-15:00"/>
  <tag k="operator" v="Universitat Politècnica de València"/>
  <tag k="room_temperature_water" v="yes"/>
  <tag k="seasonal" v="no"/>
  <tag k="warm_water" v="no"/>
 </node>
 <node id="7554294224" visible="true" version="4" changeset="150748880" timestamp="2024-05-01T12:48:55Z" user="MikelCalo" uid="11126976" lat="39.4825685" lon="-0.3437122"/>
 <node id="7554294225" visible="true" version="4" changeset="150748880" timestamp="2024-05-01T12:48:55Z" user="MikelCalo" uid="11126976" lat="39.4821223" lon="-0.3434796"/>
 <node id="7554294226" visible="true" version="4" changeset="150748880" timestamp="2024-05-01T12:48:55Z" user="MikelCalo" uid="11126976" lat="39.4822913" lon="-0.3438470"/>
 <node id="7554294227" visible="true" version="4" changeset="150748880" timestamp="2024-05-01T12:48:55Z" user="MikelCalo" uid="11126976" lat="39.4828972" lon="-0.3435520"/>
 <node id="7554294228" visible="true" version="4" changeset="150748880" timestamp="2024-05-01T12:48:55Z" user="MikelCalo" uid="11126976" lat="39.4826165" lon="-0.3436886"/>
 <node id="7554294229" visible="true" version="4" changeset="150748880" timestamp="2024-05-01T12:48:55Z" user="MikelCalo" uid="11126976" lat="39.4827814" lon="-0.3431573"/>
 <node id="7554294230" visible="true" version="4" changeset="150748880" timestamp="2024-05-01T12:48:55Z" user="MikelCalo" uid="11126976" lat="39.4825586" lon="-0.3434903"/>
 <node id="7554294231" visible="true" version="4" changeset="150748880" timestamp="2024-05-01T12:48:55Z" user="MikelCalo" uid="11126976" lat="39.4825105" lon="-0.3435137"/>
 <node id="7554294232" visible="true" version="3" changeset="141041553" timestamp="2023-09-09T22:08:54Z" user="Saicpp" uid="19253508" lat="39.4824358" lon="-0.3430961">
  <tag k="entrance" v="yes"/>
  <tag k="level" v="1"/>
 </node>
 <node id="7554294233" visible="true" version="3" changeset="141041553" timestamp="2023-09-09T22:08:54Z" user="Saicpp" uid="19253508" lat="39.4823934" lon="-0.3431041">
  <tag k="entrance" v="yes"/>
  <tag k="level" v="1"/>
 </node>
 <node id="7554294236" visible="true" version="4" changeset="150748880" timestamp="2024-05-01T12:48:55Z" user="MikelCalo" uid="11126976" lat="39.4832259" lon="-0.3433921"/>
 <node id="7554294237" visible="true" version="4" changeset="150748880" timestamp="2024-05-01T12:48:55Z" user="MikelCalo" uid="11126976" lat="39.4829452" lon="-0.3435280"/>
 <node id="7554294238" visible="true" version="4" changeset="150748880" timestamp="2024-05-01T12:48:55Z" user="MikelCalo" uid="11126976" lat="39.4828299" lon="-0.3431340"/>
 <node id="7554294239" visible="true" version="4" changeset="150748880" timestamp="2024-05-01T12:48:55Z" user="MikelCalo" uid="11126976" lat="39.4831100" lon="-0.3429975"/>
 <node id="7554294240" visible="true" version="4" changeset="150748880" timestamp="2024-05-01T12:48:55Z" user="MikelCalo" uid="11126976" lat="39.4828871" lon="-0.3433306"/>
 <node id="7554294241" visible="true" version="4" changeset="150748880" timestamp="2024-05-01T12:48:55Z" user="MikelCalo" uid="11126976" lat="39.4828392" lon="-0.3433535"/>
 <node id="7554294242" visible="true" version="4" changeset="150748880" timestamp="2024-05-01T12:48:55Z" user="MikelCalo" uid="11126976" lat="39.4828194" lon="-0.3432857"/>
 <node id="7554294243" visible="true" version="4" changeset="150748880" timestamp="2024-05-01T12:48:55Z" user="MikelCalo" uid="11126976" lat="39.4828672" lon="-0.3432625"/>
 <node id="7554294248" visible="true" version="4" changeset="150748880" timestamp="2024-05-01T12:48:55Z" user="MikelCalo" uid="11126976" lat="39.4826518" lon="-0.3441930"/>
 <node id="7554294249" visible="true" version="4" changeset="150748880" timestamp="2024-05-01T12:48:55Z" user="MikelCalo" uid="11126976" lat="39.4824722" lon="-0.3442806"/>
 <node id="7554294250" visible="true" version="4" changeset="150748880" timestamp="2024-05-01T12:48:55Z" user="MikelCalo" uid="11126976" lat="39.4823567" lon="-0.3438860"/>
 <node id="7554294251" visible="true" version="4" changeset="150748880" timestamp="2024-05-01T12:48:55Z" user="MikelCalo" uid="11126976" lat="39.4825362" lon="-0.3437986"/>
 <node id="7554294252" visible="true" version="4" changeset="150748880" timestamp="2024-05-01T12:48:55Z" user="MikelCalo" uid="11126976" lat="39.4823734" lon="-0.3443285"/>
 <node id="7554294253" visible="true" version="4" changeset="150748880" timestamp="2024-05-01T12:48:55Z" user="MikelCalo" uid="11126976" lat="39.4822582" lon="-0.3439341"/>
 <node id="7554294254" visible="true" version="4" changeset="150748880" timestamp="2024-05-01T12:48:55Z" user="MikelCalo" uid="11126976" lat="39.4819777" lon="-0.3440711"/>
 <node id="7554294255" visible="true" version="4" changeset="150748880" timestamp="2024-05-01T12:48:55Z" user="MikelCalo" uid="11126976" lat="39.4820932" lon="-0.3444652"/>
 <node id="7554294258" visible="true" version="4" changeset="150748880" timestamp="2024-05-01T12:48:55Z" user="MikelCalo" uid="11126976" lat="39.4824605" lon="-0.3438360"/>
 <node id="7554294259" visible="true" version="4" changeset="150748880" timestamp="2024-05-01T12:48:55Z" user="MikelCalo" uid="11126976" lat="39.4824423" lon="-0.3437737"/>
 <node id="7554294260" visible="true" version="4" changeset="150748880" timestamp="2024-05-01T12:48:55Z" user="MikelCalo" uid="11126976" lat="39.4824144" lon="-0.3437873"/>
 <node id="7554294261" visible="true" version="4" changeset="150748880" timestamp="2024-05-01T12:48:55Z" user="MikelCalo" uid="11126976" lat="39.4824325" lon="-0.3438493"/>
 <node id="7554294262" visible="true" version="4" changeset="150748880" timestamp="2024-05-01T12:48:55Z" user="MikelCalo" uid="11126976" lat="39.4824158" lon="-0.3440876"/>
 <node id="7554294263" visible="true" version="4" changeset="150748880" timestamp="2024-05-01T12:48:55Z" user="MikelCalo" uid="11126976" lat="39.4823170" lon="-0.3441356"/>
 <node id="7554294264" visible="true" version="4" changeset="150748880" timestamp="2024-05-01T12:48:55Z" user="MikelCalo" uid="11126976" lat="39.4822968" lon="-0.3440668"/>
 <node id="7554294265" visible="true" version="4" changeset="150748880" timestamp="2024-05-01T12:48:55Z" user="MikelCalo" uid="11126976" lat="39.4823955" lon="-0.3440188"/>
 <node id="7554294266" visible="true" version="4" changeset="150748880" timestamp="2024-05-01T12:48:55Z" user="MikelCalo" uid="11126976" lat="39.4824317" lon="-0.3448214"/>
 <node id="7554294267" visible="true" version="4" changeset="150748880" timestamp="2024-05-01T12:48:55Z" user="MikelCalo" uid="11126976" lat="39.4822271" lon="-0.3449213"/>
 <node id="7554294268" visible="true" version="4" changeset="150748880" timestamp="2024-05-01T12:48:55Z" user="MikelCalo" uid="11126976" lat="39.4821111" lon="-0.3445275"/>
 <node id="7554294269" visible="true" version="4" changeset="150748880" timestamp="2024-05-01T12:48:55Z" user="MikelCalo" uid="11126976" lat="39.4823160" lon="-0.3444280"/>
 <node id="7554294270" visible="true" version="4" changeset="150748880" timestamp="2024-05-01T12:48:55Z" user="MikelCalo" uid="11126976" lat="39.4822654" lon="-0.3444520"/>
 <node id="7554294271" visible="true" version="4" changeset="150748880" timestamp="2024-05-01T12:48:55Z" user="MikelCalo" uid="11126976" lat="39.4822475" lon="-0.3443907"/>
 <node id="7554294272" visible="true" version="4" changeset="150748880" timestamp="2024-05-01T12:48:55Z" user="MikelCalo" uid="11126976" lat="39.4822194" lon="-0.3444040"/>
 <node id="7554294273" visible="true" version="4" changeset="150748880" timestamp="2024-05-01T12:48:55Z" user="MikelCalo" uid="11126976" lat="39.4822381" lon="-0.3444654"/>
 <node id="7554315597" visible="true" version="1" changeset="85688592" timestamp="2020-05-24T16:49:46Z" user="jfe2erfn" uid="11190680" lat="39.4831558" lon="-0.3428494"/>
 <node id="7554315598" visible="true" version="2" changeset="127037114" timestamp="2022-10-05T09:16:44Z" user="MikelCalo" uid="11126976" lat="39.4831913" lon="-0.3428318"/>
 <node id="7554315599" visible="true" version="2" changeset="127037114" timestamp="2022-10-05T09:16:44Z" user="MikelCalo" uid="11126976" lat="39.4832036" lon="-0.3428155"/>
 <node id="7554315600" visible="true" version="2" changeset="127037114" timestamp="2022-10-05T09:16:44Z" user="MikelCalo" uid="11126976" lat="39.4832127" lon="-0.3427889"/>
 <node id="7554315601" visible="true" version="2" changeset="127037114" timestamp="2022-10-05T09:16:44Z" user="MikelCalo" uid="11126976" lat="39.4832073" lon="-0.3427565"/>
 <node id="7554315602" visible="true" version="2" changeset="127037114" timestamp="2022-10-05T09:16:44Z" user="MikelCalo" uid="11126976" lat="39.4832045" lon="-0.3427197"/>
 <node id="7554315603" visible="true" version="2" changeset="127037114" timestamp="2022-10-05T09:16:44Z" user="MikelCalo" uid="11126976" lat="39.4831998" lon="-0.3426727"/>
 <node id="7554315604" visible="true" version="2" changeset="127037114" timestamp="2022-10-05T09:16:44Z" user="MikelCalo" uid="11126976" lat="39.4832005" lon="-0.3426373"/>
 <node id="7554315605" visible="true" version="2" changeset="127037114" timestamp="2022-10-05T09:16:44Z" user="MikelCalo" uid="11126976" lat="39.4832077" lon="-0.3425994"/>
 <node id="7554315606" visible="true" version="2" changeset="127037114" timestamp="2022-10-05T09:16:44Z" user="MikelCalo" uid="11126976" lat="39.4832194" lon="-0.3425744"/>
 <node id="7554315607" visible="true" version="1" changeset="85688592" timestamp="2020-05-24T16:49:46Z" user="jfe2erfn" uid="11190680" lat="39.4832399" lon="-0.3425476"/>
 <node id="7554315608" visible="true" version="2" changeset="127037114" timestamp="2022-10-05T09:16:44Z" user="MikelCalo" uid="11126976" lat="39.4832730" lon="-0.3425273"/>
 <node id="7554315609" visible="true" version="1" changeset="85688592" timestamp="2020-05-24T16:49:46Z" user="jfe2erfn" uid="11190680" lat="39.4832985" lon="-0.3425067"/>
 <node id="7554315610" visible="true" version="2" changeset="127037114" timestamp="2022-10-05T09:16:44Z" user="MikelCalo" uid="11126976" lat="39.4833215" lon="-0.3424761"/>
 <node id="7554315611" visible="true" version="2" changeset="127037114" timestamp="2022-10-05T09:16:44Z" user="MikelCalo" uid="11126976" lat="39.4833403" lon="-0.3424377"/>
 <node id="7554315612" visible="true" version="2" changeset="127037114" timestamp="2022-10-05T09:16:44Z" user="MikelCalo" uid="11126976" lat="39.4833523" lon="-0.3424005"/>
 <node id="7554315613" visible="true" version="2" changeset="127037114" timestamp="2022-10-05T09:16:44Z" user="MikelCalo" uid="11126976" lat="39.4833584" lon="-0.3423647"/>
 <node id="7554315614" visible="true" version="2" changeset="127037114" timestamp="2022-10-05T09:16:44Z" user="MikelCalo" uid="11126976" lat="39.4833603" lon="-0.3423265"/>
 <node id="7554315615" visible="true" version="2" changeset="127037114" timestamp="2022-10-05T09:16:44Z" user="MikelCalo" uid="11126976" lat="39.4833348" lon="-0.3422018"/>
 <node id="7554315616" visible="true" version="1" changeset="85688592" timestamp="2020-05-24T16:49:46Z" user="jfe2erfn" uid="11190680" lat="39.4833181" lon="-0.3422283"/>
 <node id="7554315617" visible="true" version="1" changeset="85688592" timestamp="2020-05-24T16:49:46Z" user="jfe2erfn" uid="11190680" lat="39.4833172" lon="-0.3422464"/>
 <node id="7554315618" visible="true" version="1" changeset="85688592" timestamp="2020-05-24T16:49:46Z" user="jfe2erfn" uid="11190680" lat="39.4833164" lon="-0.3422799"/>
 <node id="7554315619" visible="true" version="1" changeset="85688592" timestamp="2020-05-24T16:49:46Z" user="jfe2erfn" uid="11190680" lat="39.4833180" lon="-0.3423092"/>
 <node id="7554315620" visible="true" version="1" changeset="85688592" timestamp="2020-05-24T16:49:46Z" user="jfe2erfn" uid="11190680" lat="39.4833139" lon="-0.3423510"/>
 <node id="7554315621" visible="true" version="1" changeset="85688592" timestamp="2020-05-24T16:49:46Z" user="jfe2erfn" uid="11190680" lat="39.4833018" lon="-0.3423887"/>
 <node id="7554315622" visible="true" version="1" changeset="85688592" timestamp="2020-05-24T16:49:46Z" user="jfe2erfn" uid="11190680" lat="39.4832897" lon="-0.3424127"/>
 <node id="7554315623" visible="true" version="1" changeset="85688592" timestamp="2020-05-24T16:49:46Z" user="jfe2erfn" uid="11190680" lat="39.4832776" lon="-0.3424347"/>
 <node id="7554315624" visible="true" version="1" changeset="85688592" timestamp="2020-05-24T16:49:46Z" user="jfe2erfn" uid="11190680" lat="39.4832542" lon="-0.3424587"/>
 <node id="7554315625" visible="true" version="1" changeset="85688592" timestamp="2020-05-24T16:49:46Z" user="jfe2erfn" uid="11190680" lat="39.4832267" lon="-0.3424859"/>
 <node id="7554315626" visible="true" version="2" changeset="127037114" timestamp="2022-10-05T09:16:44Z" user="MikelCalo" uid="11126976" lat="39.4831995" lon="-0.3424986"/>
 <node id="7554315627" visible="true" version="2" changeset="127037114" timestamp="2022-10-05T09:16:44Z" user="MikelCalo" uid="11126976" lat="39.4831645" lon="-0.3425123"/>
 <node id="7554315628" visible="true" version="2" changeset="127037114" timestamp="2022-10-05T09:16:44Z" user="MikelCalo" uid="11126976" lat="39.4831441" lon="-0.3425216"/>
 <node id="7554315629" visible="true" version="2" changeset="127037114" timestamp="2022-10-05T09:16:44Z" user="MikelCalo" uid="11126976" lat="39.4831042" lon="-0.3425881"/>
 <node id="7554315630" visible="true" version="2" changeset="127037114" timestamp="2022-10-05T09:16:44Z" user="MikelCalo" uid="11126976" lat="39.4830964" lon="-0.3426179"/>
 <node id="7554315631" visible="true" version="2" changeset="127037114" timestamp="2022-10-05T09:16:44Z" user="MikelCalo" uid="11126976" lat="39.4830952" lon="-0.3426437"/>
 <node id="7555036970" visible="true" version="1" changeset="85696603" timestamp="2020-05-24T22:40:27Z" user="jfe2erfn" uid="11190680" lat="39.4816581" lon="-0.3430442"/>
 <node id="7555036971" visible="true" version="1" changeset="85696603" timestamp="2020-05-24T22:40:27Z" user="jfe2erfn" uid="11190680" lat="39.4816418" lon="-0.3430519"/>
 <node id="7555036972" visible="true" version="1" changeset="85696603" timestamp="2020-05-24T22:40:27Z" user="jfe2erfn" uid="11190680" lat="39.4816187" lon="-0.3429697"/>
 <node id="7555036973" visible="true" version="1" changeset="85696603" timestamp="2020-05-24T22:40:27Z" user="jfe2erfn" uid="11190680" lat="39.4816351" lon="-0.3429620"/>
 <node id="7555036974" visible="true" version="1" changeset="85696603" timestamp="2020-05-24T22:40:27Z" user="jfe2erfn" uid="11190680" lat="39.4816260" lon="-0.3429263"/>
 <node id="7555036975" visible="true" version="1" changeset="85696603" timestamp="2020-05-24T22:40:27Z" user="jfe2erfn" uid="11190680" lat="39.4816085" lon="-0.3429348"/>
 <node id="7555036976" visible="true" version="1" changeset="85696603" timestamp="2020-05-24T22:40:27Z" user="jfe2erfn" uid="11190680" lat="39.4815278" lon="-0.3426598"/>
 <node id="7555036977" visible="true" version="1" changeset="85696603" timestamp="2020-05-24T22:40:27Z" user="jfe2erfn" uid="11190680" lat="39.4815438" lon="-0.3426504"/>
 <node id="7555036978" visible="true" version="1" changeset="85696603" timestamp="2020-05-24T22:40:27Z" user="jfe2erfn" uid="11190680" lat="39.4815235" lon="-0.3425929"/>
 <node id="7555036979" visible="true" version="1" changeset="85696603" timestamp="2020-05-24T22:40:27Z" user="jfe2erfn" uid="11190680" lat="39.4815075" lon="-0.3426014"/>
 <node id="7555036980" visible="true" version="1" changeset="85696603" timestamp="2020-05-24T22:40:27Z" user="jfe2erfn" uid="11190680" lat="39.4813883" lon="-0.3422049"/>
 <node id="7555036981" visible="true" version="1" changeset="85696603" timestamp="2020-05-24T22:40:27Z" user="jfe2erfn" uid="11190680" lat="39.4814086" lon="-0.3421964"/>
 <node id="7555036982" visible="true" version="1" changeset="85696603" timestamp="2020-05-24T22:40:27Z" user="jfe2erfn" uid="11190680" lat="39.4813912" lon="-0.3421352"/>
 <node id="7555036983" visible="true" version="1" changeset="85696603" timestamp="2020-05-24T22:40:27Z" user="jfe2erfn" uid="11190680" lat="39.4813715" lon="-0.3421465"/>
 <node id="7555036984" visible="true" version="1" changeset="85696603" timestamp="2020-05-24T22:40:27Z" user="jfe2erfn" uid="11190680" lat="39.4813192" lon="-0.3419327"/>
 <node id="7555079885" visible="true" version="1" changeset="85696603" timestamp="2020-05-24T22:40:27Z" user="jfe2erfn" uid="11190680" lat="39.4813287" lon="-0.3419280"/>
 <node id="7555079886" visible="true" version="2" changeset="148699951" timestamp="2024-03-15T17:25:55Z" user="swaree" uid="9630374" lat="39.4812265" lon="-0.3421443">
  <tag k="artist_name" v="Salvador Soria Zapater"/>
  <tag k="artist:wikidata" v="Q20006578"/>
  <tag k="artwork_type" v="sculpture"/>
  <tag k="material" v="iron"/>
  <tag k="name" v="Mecánica plástica, sugerencia temporal"/>
  <tag k="start_date" v="2001"/>
  <tag k="tourism" v="artwork"/>
 </node>
 <node id="7555079887" visible="true" version="2" changeset="151899994" timestamp="2024-05-27T13:45:22Z" user="Carlos244" uid="21450926" lat="39.4813225" lon="-0.3423000">
  <tag k="amenity" v="bench"/>
  <tag k="backrest" v="yes"/>
 </node>
 <node id="7555079888" visible="true" version="2" changeset="161243000" timestamp="2025-01-11T15:15:27Z" user="Arnau Mora" uid="5365869" lat="39.4816123" lon="-0.3432625">
  <tag k="amenity" v="bench"/>
  <tag k="backrest" v="yes"/>
 </node>
 <node id="7555079889" visible="true" version="2" changeset="161243000" timestamp="2025-01-11T15:15:32Z" user="Arnau Mora" uid="5365869" lat="39.4815303" lon="-0.3433071">
  <tag k="amenity" v="bench"/>
  <tag k="backrest" v="yes"/>
 </node>
 <node id="7555079890" visible="true" version="2" changeset="161243000" timestamp="2025-01-11T15:15:30Z" user="Arnau Mora" uid="5365869" lat="39.4814697" lon="-0.3433434">
  <tag k="amenity" v="bench"/>
  <tag k="backrest" v="yes"/>
 </node>
 <node id="7555079891" visible="true" version="2" changeset="173750556" timestamp="2025-10-25T10:51:56Z" user="Carlos244" uid="21450926" lat="39.4814478" lon="-0.3437406">
  <tag k="access" v="yes"/>
  <tag k="bottle" v="yes"/>
  <tag k="cold_water" v="no"/>
  <tag k="drinking_water" v="yes"/>
  <tag k="fee" v="no"/>
  <tag k="hot_water" v="no"/>
  <tag k="iced_water" v="no"/>
  <tag k="man_made" v="water_tap"/>
  <tag k="operator" v="Universitat Politècnica de València"/>
  <tag k="room_temperature_water" v="yes"/>
  <tag k="seasonal" v="no"/>
  <tag k="warm_water" v="no"/>
 </node>
 <node id="7555079892" visible="true" version="1" changeset="85696603" timestamp="2020-05-24T22:40:27Z" user="jfe2erfn" uid="11190680" lat="39.4820829" lon="-0.3444857"/>
 <node id="7555079893" visible="true" version="1" changeset="85696603" timestamp="2020-05-24T22:40:27Z" user="jfe2erfn" uid="11190680" lat="39.4820644" lon="-0.3444949"/>
 <node id="7555079894" visible="true" version="1" changeset="85696603" timestamp="2020-05-24T22:40:27Z" user="jfe2erfn" uid="11190680" lat="39.4819460" lon="-0.3440963"/>
 <node id="7555079895" visible="true" version="1" changeset="85696603" timestamp="2020-05-24T22:40:27Z" user="jfe2erfn" uid="11190680" lat="39.4819644" lon="-0.3440871"/>
 <node id="7555079896" visible="true" version="1" changeset="85696603" timestamp="2020-05-24T22:40:27Z" user="jfe2erfn" uid="11190680" lat="39.4822149" lon="-0.3449392"/>
 <node id="7555079897" visible="true" version="1" changeset="85696603" timestamp="2020-05-24T22:40:27Z" user="jfe2erfn" uid="11190680" lat="39.4821981" lon="-0.3449474"/>
 <node id="7555079898" visible="true" version="1" changeset="85696603" timestamp="2020-05-24T22:40:27Z" user="jfe2erfn" uid="11190680" lat="39.4820820" lon="-0.3445468"/>
 <node id="7555079899" visible="true" version="1" changeset="85696603" timestamp="2020-05-24T22:40:27Z" user="jfe2erfn" uid="11190680" lat="39.4820999" lon="-0.3445372"/>
 <node id="7555079904" visible="true" version="4" changeset="175727748" timestamp="2025-12-09T18:55:39Z" user="kapazao_import" uid="8770019" lat="39.4828308" lon="-0.3444143">
  <tag k="crossing" v="uncontrolled"/>
  <tag k="crossing:markings" v="zebra"/>
  <tag k="highway" v="crossing"/>
  <tag k="kerb" v="flush"/>
  <tag k="tactile_paving" v="no"/>
 </node>
 <node id="7639837767" visible="true" version="2" changeset="141136373" timestamp="2023-09-11T23:04:38Z" user="Jordi MF" uid="8278438" lat="39.4815838" lon="-0.3446301">
  <tag k="addr:city" v="València"/>
  <tag k="addr:postcode" v="46022"/>
  <tag k="addr:street" v="Camí de Vera"/>
  <tag k="email" v="deppra@upvnet.upv.es"/>
  <tag k="name" v="Departament de Projectes Arquitectònics"/>
  <tag k="name:ca" v="Departament de Projectes Arquitectònics"/>
  <tag k="name:es" v="Departamento de Proyectos Arquitectónicos"/>
  <tag k="office" v="educational_institution"/>
  <tag k="operator" v="Universitat Politècnica de València"/>
 </node>
 <node id="7639837768" visible="true" version="3" changeset="182336285" timestamp="2026-05-07T12:18:56Z" user="b-jazz-bot" uid="9451067" lat="39.4814812" lon="-0.3443494">
  <tag k="addr:city" v="València"/>
  <tag k="addr:postcode" v="46022"/>
  <tag k="addr:street" v="Camí de Vera"/>
  <tag k="email" v="edicion@editorial.upv.es"/>
  <tag k="fax" v="+34 963 877 912"/>
  <tag k="level" v="1"/>
  <tag k="name" v="Editorial UPV"/>
  <tag k="name:ca" v="Editorial UPV"/>
  <tag k="name:en" v="UPV Press"/>
  <tag k="name:es" v="Editorial UPV"/>
  <tag k="opening_hours" v="Mo-Fr 08:30-15:00"/>
  <tag k="operator" v="Universitat Politècnica de València"/>
  <tag k="phone" v="+34 963 877 012"/>
  <tag k="shop" v="books"/>
  <tag k="website" v="https://www.editorial.upv.es/"/>
 </node>
 <node id="7639837769" visible="true" version="1" changeset="86929319" timestamp="2020-06-21T08:59:00Z" user="jfe2erfn" uid="11190680" lat="39.4816148" lon="-0.3443487">
  <tag k="addr:city" v="València"/>
  <tag k="addr:postcode" v="46022"/>
  <tag k="addr:street" v="Camí de Vera"/>
  <tag k="alt_name" v="Reprografía UPV"/>
  <tag k="email" v="agora@byprint.es"/>
  <tag k="level" v="0"/>
  <tag k="name" v="Reprografia a València"/>
  <tag k="name:ca" v="Reprografia a València"/>
  <tag k="name:es" v="Reprografía en Valencia"/>
  <tag k="operator" v="Universitat Politècnica de València"/>
  <tag k="phone" v="+34 663 934 557"/>
  <tag k="shop" v="copyshop"/>
 </node>
 <node id="7806478531" visible="true" version="1" changeset="89301331" timestamp="2020-08-12T11:24:26Z" user="Maestro Hugo" uid="11637656" lat="39.4816266" lon="-0.3439131"/>
 <node id="9529707413" visible="true" version="4" changeset="117767709" timestamp="2022-02-23T12:10:55Z" user="paunofu" uid="13779940" lat="39.4818386" lon="-0.3446765">
  <tag k="amenity" v="bicycle_parking"/>
  <tag k="bicycle_parking" v="stands"/>
  <tag k="capacity" v="20"/>
  <tag k="covered" v="no"/>
 </node>
 <node id="9529749025" visible="true" version="4" changeset="117767709" timestamp="2022-02-23T12:10:59Z" user="paunofu" uid="13779940" lat="39.4819790" lon="-0.3446102">
  <tag k="amenity" v="bicycle_parking"/>
  <tag k="bicycle_parking" v="stands"/>
  <tag k="capacity" v="20"/>
  <tag k="covered" v="no"/>
 </node>
 <node id="9529758647" visible="true" version="3" changeset="117767716" timestamp="2022-02-23T12:11:27Z" user="paunofu" uid="13779940" lat="39.4819552" lon="-0.3441055">
  <tag k="emergency" v="fire_hydrant"/>
  <tag k="fire_hydrant:diameter" v="70"/>
  <tag k="fire_hydrant:position" v="green"/>
  <tag k="fire_hydrant:type" v="underground"/>
 </node>
 <node id="10076557369" visible="true" version="2" changeset="128933361" timestamp="2022-11-15T11:05:06Z" user="MikelCalo" uid="11126976" lat="39.4822155" lon="-0.3453602"/>
 <node id="10076557376" visible="true" version="1" changeset="127037114" timestamp="2022-10-05T09:16:44Z" user="MikelCalo" uid="11126976" lat="39.4820639" lon="-0.3450154"/>
 <node id="10076557377" visible="true" version="1" changeset="127037114" timestamp="2022-10-05T09:16:44Z" user="MikelCalo" uid="11126976" lat="39.4819125" lon="-0.3450842"/>
 <node id="10076557378" visible="true" version="1" changeset="127037114" timestamp="2022-10-05T09:16:44Z" user="MikelCalo" uid="11126976" lat="39.4817953" lon="-0.3446899"/>
 <node id="10076557379" visible="true" version="1" changeset="127037114" timestamp="2022-10-05T09:16:44Z" user="MikelCalo" uid="11126976" lat="39.4819067" lon="-0.3446318"/>
 <node id="10076557380" visible="true" version="1" changeset="127037114" timestamp="2022-10-05T09:16:44Z" user="MikelCalo" uid="11126976" lat="39.4821522" lon="-0.3449698"/>
 <node id="10076557381" visible="true" version="1" changeset="127037114" timestamp="2022-10-05T09:16:44Z" user="MikelCalo" uid="11126976" lat="39.4820369" lon="-0.3445705"/>
 <node id="10076557382" visible="true" version="1" changeset="127037114" timestamp="2022-10-05T09:16:44Z" user="MikelCalo" uid="11126976" lat="39.4819400" lon="-0.3446180"/>
 <node id="10076557383" visible="true" version="1" changeset="127037114" timestamp="2022-10-05T09:16:44Z" user="MikelCalo" uid="11126976" lat="39.4820885" lon="-0.3449992"/>
 <node id="10076557384" visible="true" version="1" changeset="127037114" timestamp="2022-10-05T09:16:44Z" user="MikelCalo" uid="11126976" lat="39.4820185" lon="-0.3445146"/>
 <node id="10076557385" visible="true" version="1" changeset="127037114" timestamp="2022-10-05T09:16:44Z" user="MikelCalo" uid="11126976" lat="39.4817903" lon="-0.3437407"/>
 <node id="10076557386" visible="true" version="1" changeset="127037114" timestamp="2022-10-05T09:16:44Z" user="MikelCalo" uid="11126976" lat="39.4816229" lon="-0.3438531"/>
 <node id="10076557387" visible="true" version="1" changeset="127037114" timestamp="2022-10-05T09:16:44Z" user="MikelCalo" uid="11126976" lat="39.4819126" lon="-0.3445657"/>
 <node id="10076557388" visible="true" version="1" changeset="127037114" timestamp="2022-10-05T09:16:44Z" user="MikelCalo" uid="11126976" lat="39.4818855" lon="-0.3445810"/>
 <node id="10076557389" visible="true" version="1" changeset="127037114" timestamp="2022-10-05T09:16:44Z" user="MikelCalo" uid="11126976" lat="39.4817802" lon="-0.3446307"/>
 <node id="10076557390" visible="true" version="1" changeset="127037114" timestamp="2022-10-05T09:16:44Z" user="MikelCalo" uid="11126976" lat="39.4815570" lon="-0.3438976"/>
 <node id="10076557391" visible="true" version="1" changeset="127037114" timestamp="2022-10-05T09:16:44Z" user="MikelCalo" uid="11126976" lat="39.4815976" lon="-0.3438714"/>
 <node id="10076557392" visible="true" version="1" changeset="127037114" timestamp="2022-10-05T09:16:44Z" user="MikelCalo" uid="11126976" lat="39.4817604" lon="-0.3437150"/>
 <node id="10076557393" visible="true" version="1" changeset="127037114" timestamp="2022-10-05T09:16:44Z" user="MikelCalo" uid="11126976" lat="39.4815862" lon="-0.3438340"/>
 <node id="10076557394" visible="true" version="1" changeset="127037114" timestamp="2022-10-05T09:16:44Z" user="MikelCalo" uid="11126976" lat="39.4814901" lon="-0.3435980"/>
 <node id="10076557395" visible="true" version="1" changeset="127037114" timestamp="2022-10-05T09:16:44Z" user="MikelCalo" uid="11126976" lat="39.4816644" lon="-0.3434790"/>
 <node id="10076557396" visible="true" version="1" changeset="127037114" timestamp="2022-10-05T09:16:44Z" user="MikelCalo" uid="11126976" lat="39.4817086" lon="-0.3434508"/>
 <node id="10076557397" visible="true" version="1" changeset="127037114" timestamp="2022-10-05T09:16:44Z" user="MikelCalo" uid="11126976" lat="39.4816922" lon="-0.3434610"/>
 <node id="10076557398" visible="true" version="1" changeset="127037114" timestamp="2022-10-05T09:16:44Z" user="MikelCalo" uid="11126976" lat="39.4817261" lon="-0.3435465"/>
 <node id="10076557399" visible="true" version="1" changeset="127037114" timestamp="2022-10-05T09:16:44Z" user="MikelCalo" uid="11126976" lat="39.4817339" lon="-0.3435428"/>
 <node id="10076557400" visible="true" version="1" changeset="127037114" timestamp="2022-10-05T09:16:44Z" user="MikelCalo" uid="11126976" lat="39.4815457" lon="-0.3438655"/>
 <node id="10076557401" visible="true" version="1" changeset="127037114" timestamp="2022-10-05T09:16:44Z" user="MikelCalo" uid="11126976" lat="39.4815187" lon="-0.3437750"/>
 <node id="10076557402" visible="true" version="1" changeset="127037114" timestamp="2022-10-05T09:16:44Z" user="MikelCalo" uid="11126976" lat="39.4815243" lon="-0.3437706"/>
 <node id="10076557403" visible="true" version="1" changeset="127037114" timestamp="2022-10-05T09:16:44Z" user="MikelCalo" uid="11126976" lat="39.4815609" lon="-0.3438546"/>
 <node id="10076557404" visible="true" version="1" changeset="127037114" timestamp="2022-10-05T09:16:44Z" user="MikelCalo" uid="11126976" lat="39.4814623" lon="-0.3435706"/>
 <node id="10076557405" visible="true" version="1" changeset="127037114" timestamp="2022-10-05T09:16:44Z" user="MikelCalo" uid="11126976" lat="39.4814105" lon="-0.3433924"/>
 <node id="10076557406" visible="true" version="1" changeset="127037114" timestamp="2022-10-05T09:16:44Z" user="MikelCalo" uid="11126976" lat="39.4815666" lon="-0.3433143"/>
 <node id="10076557407" visible="true" version="1" changeset="127037114" timestamp="2022-10-05T09:16:44Z" user="MikelCalo" uid="11126976" lat="39.4816286" lon="-0.3434618"/>
 <node id="10076557408" visible="true" version="1" changeset="127037114" timestamp="2022-10-05T09:16:44Z" user="MikelCalo" uid="11126976" lat="39.4816945" lon="-0.3434172"/>
 <node id="10076557409" visible="true" version="1" changeset="127037114" timestamp="2022-10-05T09:16:44Z" user="MikelCalo" uid="11126976" lat="39.4816534" lon="-0.3432720"/>
 <node id="10076557410" visible="true" version="1" changeset="127037114" timestamp="2022-10-05T09:16:44Z" user="MikelCalo" uid="11126976" lat="39.4815953" lon="-0.3432997"/>
 <node id="10076557411" visible="true" version="1" changeset="127037114" timestamp="2022-10-05T09:16:44Z" user="MikelCalo" uid="11126976" lat="39.4816562" lon="-0.3434421"/>
 <node id="10076557458" visible="true" version="1" changeset="127037114" timestamp="2022-10-05T09:16:44Z" user="MikelCalo" uid="11126976" lat="39.4832566" lon="-0.3432798"/>
 <node id="10076557501" visible="true" version="1" changeset="127037114" timestamp="2022-10-05T09:16:44Z" user="MikelCalo" uid="11126976" lat="39.4833551" lon="-0.3422788"/>
 <node id="10076557502" visible="true" version="1" changeset="127037114" timestamp="2022-10-05T09:16:44Z" user="MikelCalo" uid="11126976" lat="39.4833235" lon="-0.3422128"/>
 <node id="10076557503" visible="true" version="1" changeset="127037114" timestamp="2022-10-05T09:16:44Z" user="MikelCalo" uid="11126976" lat="39.4831201" lon="-0.3425541"/>
 <node id="10076557504" visible="true" version="1" changeset="127037114" timestamp="2022-10-05T09:16:44Z" user="MikelCalo" uid="11126976" lat="39.4830837" lon="-0.3426241"/>
 <node id="10076557505" visible="true" version="1" changeset="127037114" timestamp="2022-10-05T09:16:44Z" user="MikelCalo" uid="11126976" lat="39.4831146" lon="-0.3425409"/>
 <node id="10076557506" visible="true" version="1" changeset="127037114" timestamp="2022-10-05T09:16:44Z" user="MikelCalo" uid="11126976" lat="39.4831530" lon="-0.3425005"/>
 <node id="10076557507" visible="true" version="1" changeset="127037114" timestamp="2022-10-05T09:16:44Z" user="MikelCalo" uid="11126976" lat="39.4831786" lon="-0.3424918"/>
 <node id="10076557508" visible="true" version="1" changeset="127037114" timestamp="2022-10-05T09:16:44Z" user="MikelCalo" uid="11126976" lat="39.4832001" lon="-0.3424818"/>
 <node id="10076557509" visible="true" version="1" changeset="127037114" timestamp="2022-10-05T09:16:44Z" user="MikelCalo" uid="11126976" lat="39.4832482" lon="-0.3424509"/>
 <node id="10076557510" visible="true" version="1" changeset="127037114" timestamp="2022-10-05T09:16:44Z" user="MikelCalo" uid="11126976" lat="39.4832911" lon="-0.3423957"/>
 <node id="10076557511" visible="true" version="1" changeset="127037114" timestamp="2022-10-05T09:16:44Z" user="MikelCalo" uid="11126976" lat="39.4833103" lon="-0.3423069"/>
 <node id="10076557512" visible="true" version="1" changeset="127037114" timestamp="2022-10-05T09:16:44Z" user="MikelCalo" uid="11126976" lat="39.4833042" lon="-0.3422280"/>
 <node id="10076557515" visible="true" version="2" changeset="140997782" timestamp="2023-09-08T18:04:29Z" user="Saicpp" uid="19253508" lat="39.4832152" lon="-0.3431530"/>
 <node id="10076557516" visible="true" version="1" changeset="127037114" timestamp="2022-10-05T09:16:44Z" user="MikelCalo" uid="11126976" lat="39.4832188" lon="-0.3431070"/>
 <node id="10076557517" visible="true" version="2" changeset="150748880" timestamp="2024-05-01T12:48:55Z" user="MikelCalo" uid="11126976" lat="39.4829836" lon="-0.3445374">
  <tag k="natural" v="tree"/>
 </node>
 <node id="10076557518" visible="true" version="2" changeset="150748880" timestamp="2024-05-01T12:48:55Z" user="MikelCalo" uid="11126976" lat="39.4830401" lon="-0.3445103">
  <tag k="natural" v="tree"/>
 </node>
 <node id="10076557519" visible="true" version="2" changeset="150748880" timestamp="2024-05-01T12:48:55Z" user="MikelCalo" uid="11126976" lat="39.4830960" lon="-0.3444836">
  <tag k="natural" v="tree"/>
 </node>
 <node id="10076557522" visible="true" version="2" changeset="150748880" timestamp="2024-05-01T12:48:55Z" user="MikelCalo" uid="11126976" lat="39.4828918" lon="-0.3442198">
  <tag k="natural" v="tree"/>
 </node>
 <node id="10076557523" visible="true" version="2" changeset="150748880" timestamp="2024-05-01T12:48:55Z" user="MikelCalo" uid="11126976" lat="39.4829484" lon="-0.3441928">
  <tag k="natural" v="tree"/>
 </node>
 <node id="10076557524" visible="true" version="2" changeset="150748880" timestamp="2024-05-01T12:48:55Z" user="MikelCalo" uid="11126976" lat="39.4830043" lon="-0.3441660">
  <tag k="natural" v="tree"/>
 </node>
 <node id="10076557528" visible="true" version="2" changeset="150748880" timestamp="2024-05-01T12:48:55Z" user="MikelCalo" uid="11126976" lat="39.4829429" lon="-0.3444624"/>
 <node id="10076557529" visible="true" version="2" changeset="150748880" timestamp="2024-05-01T12:48:55Z" user="MikelCalo" uid="11126976" lat="39.4829065" lon="-0.3443318"/>
 <node id="10076557530" visible="true" version="2" changeset="150748880" timestamp="2024-05-01T12:48:55Z" user="MikelCalo" uid="11126976" lat="39.4829564" lon="-0.3443085"/>
 <node id="10076557531" visible="true" version="2" changeset="150748880" timestamp="2024-05-01T12:48:55Z" user="MikelCalo" uid="11126976" lat="39.4829672" lon="-0.3443470"/>
 <node id="10076557532" visible="true" version="2" changeset="150748880" timestamp="2024-05-01T12:48:55Z" user="MikelCalo" uid="11126976" lat="39.4829368" lon="-0.3443612"/>
 <node id="10076557533" visible="true" version="2" changeset="150748880" timestamp="2024-05-01T12:48:55Z" user="MikelCalo" uid="11126976" lat="39.4829524" lon="-0.3444170"/>
 <node id="10076557534" visible="true" version="2" changeset="150748880" timestamp="2024-05-01T12:48:55Z" user="MikelCalo" uid="11126976" lat="39.4829825" lon="-0.3444029"/>
 <node id="10076557535" visible="true" version="2" changeset="150748880" timestamp="2024-05-01T12:48:55Z" user="MikelCalo" uid="11126976" lat="39.4829926" lon="-0.3444392"/>
 <node id="10076557536" visible="true" version="2" changeset="150748880" timestamp="2024-05-01T12:48:55Z" user="MikelCalo" uid="11126976" lat="39.4830863" lon="-0.3443956"/>
 <node id="10076557537" visible="true" version="2" changeset="150748880" timestamp="2024-05-01T12:48:55Z" user="MikelCalo" uid="11126976" lat="39.4830499" lon="-0.3442650"/>
 <node id="10076557538" visible="true" version="2" changeset="150748880" timestamp="2024-05-01T12:48:55Z" user="MikelCalo" uid="11126976" lat="39.4829999" lon="-0.3442884"/>
 <node id="10076557539" visible="true" version="2" changeset="150748880" timestamp="2024-05-01T12:48:55Z" user="MikelCalo" uid="11126976" lat="39.4830107" lon="-0.3443269"/>
 <node id="10076557540" visible="true" version="2" changeset="150748880" timestamp="2024-05-01T12:48:55Z" user="MikelCalo" uid="11126976" lat="39.4830410" lon="-0.3443127"/>
 <node id="10076557541" visible="true" version="2" changeset="150748880" timestamp="2024-05-01T12:48:55Z" user="MikelCalo" uid="11126976" lat="39.4830566" lon="-0.3443685"/>
 <node id="10076557542" visible="true" version="2" changeset="150748880" timestamp="2024-05-01T12:48:55Z" user="MikelCalo" uid="11126976" lat="39.4830265" lon="-0.3443826"/>
 <node id="10076557543" visible="true" version="2" changeset="150748880" timestamp="2024-05-01T12:48:55Z" user="MikelCalo" uid="11126976" lat="39.4830366" lon="-0.3444189"/>
 <node id="10076557544" visible="true" version="1" changeset="127037114" timestamp="2022-10-05T09:16:44Z" user="MikelCalo" uid="11126976" lat="39.4831068" lon="-0.3440017"/>
 <node id="10076557545" visible="true" version="1" changeset="127037114" timestamp="2022-10-05T09:16:44Z" user="MikelCalo" uid="11126976" lat="39.4830639" lon="-0.3438438"/>
 <node id="10076557546" visible="true" version="1" changeset="127037114" timestamp="2022-10-05T09:16:44Z" user="MikelCalo" uid="11126976" lat="39.4830193" lon="-0.3438641"/>
 <node id="10076557547" visible="true" version="1" changeset="127037114" timestamp="2022-10-05T09:16:44Z" user="MikelCalo" uid="11126976" lat="39.4830299" lon="-0.3439033"/>
 <node id="10076557548" visible="true" version="1" changeset="127037114" timestamp="2022-10-05T09:16:44Z" user="MikelCalo" uid="11126976" lat="39.4830549" lon="-0.3438919"/>
 <node id="10076557549" visible="true" version="1" changeset="127037114" timestamp="2022-10-05T09:16:44Z" user="MikelCalo" uid="11126976" lat="39.4830774" lon="-0.3439748"/>
 <node id="10076557550" visible="true" version="1" changeset="127037114" timestamp="2022-10-05T09:16:44Z" user="MikelCalo" uid="11126976" lat="39.4830530" lon="-0.3439859"/>
 <node id="10076557551" visible="true" version="1" changeset="127037114" timestamp="2022-10-05T09:16:44Z" user="MikelCalo" uid="11126976" lat="39.4830627" lon="-0.3440218"/>
 <node id="10076557552" visible="true" version="1" changeset="127037114" timestamp="2022-10-05T09:16:44Z" user="MikelCalo" uid="11126976" lat="39.4830003" lon="-0.3437989"/>
 <node id="10076557553" visible="true" version="1" changeset="127037114" timestamp="2022-10-05T09:16:44Z" user="MikelCalo" uid="11126976" lat="39.4829574" lon="-0.3436409"/>
 <node id="10076557554" visible="true" version="1" changeset="127037114" timestamp="2022-10-05T09:16:44Z" user="MikelCalo" uid="11126976" lat="39.4830021" lon="-0.3436206"/>
 <node id="10076557555" visible="true" version="1" changeset="127037114" timestamp="2022-10-05T09:16:44Z" user="MikelCalo" uid="11126976" lat="39.4830127" lon="-0.3436598"/>
 <node id="10076557556" visible="true" version="1" changeset="127037114" timestamp="2022-10-05T09:16:44Z" user="MikelCalo" uid="11126976" lat="39.4829877" lon="-0.3436712"/>
 <node id="10076557557" visible="true" version="1" changeset="127037114" timestamp="2022-10-05T09:16:44Z" user="MikelCalo" uid="11126976" lat="39.4830102" lon="-0.3437541"/>
 <node id="10076557558" visible="true" version="1" changeset="127037114" timestamp="2022-10-05T09:16:44Z" user="MikelCalo" uid="11126976" lat="39.4830347" lon="-0.3437429"/>
 <node id="10076557559" visible="true" version="1" changeset="127037114" timestamp="2022-10-05T09:16:44Z" user="MikelCalo" uid="11126976" lat="39.4830444" lon="-0.3437788"/>
 <node id="10076557594" visible="true" version="3" changeset="141041553" timestamp="2023-09-09T22:08:54Z" user="Saicpp" uid="19253508" lat="39.4824107" lon="-0.3432137"/>
 <node id="10076557595" visible="true" version="3" changeset="150748880" timestamp="2024-05-01T12:48:55Z" user="MikelCalo" uid="11126976" lat="39.4826081" lon="-0.3437291"/>
 <node id="10161985698" visible="true" version="1" changeset="128553546" timestamp="2022-11-06T12:42:30Z" user="MikelCalo" uid="11126976" lat="39.4809681" lon="-0.3418929"/>
 <node id="10161985699" visible="true" version="1" changeset="128553546" timestamp="2022-11-06T12:42:30Z" user="MikelCalo" uid="11126976" lat="39.4809828" lon="-0.3418882"/>
 <node id="10161985700" visible="true" version="1" changeset="128553546" timestamp="2022-11-06T12:42:30Z" user="MikelCalo" uid="11126976" lat="39.4811387" lon="-0.3422613"/>
 <node id="10161985701" visible="true" version="1" changeset="128553546" timestamp="2022-11-06T12:42:30Z" user="MikelCalo" uid="11126976" lat="39.4810887" lon="-0.3422831"/>
 <node id="10161985702" visible="true" version="1" changeset="128553546" timestamp="2022-11-06T12:42:30Z" user="MikelCalo" uid="11126976" lat="39.4810129" lon="-0.3418718"/>
 <node id="10161985703" visible="true" version="1" changeset="128553546" timestamp="2022-11-06T12:42:30Z" user="MikelCalo" uid="11126976" lat="39.4812308" lon="-0.3417633"/>
 <node id="10161985704" visible="true" version="1" changeset="128553546" timestamp="2022-11-06T12:42:30Z" user="MikelCalo" uid="11126976" lat="39.4813324" lon="-0.3421685"/>
 <node id="10161985705" visible="true" version="1" changeset="128553546" timestamp="2022-11-06T12:42:30Z" user="MikelCalo" uid="11126976" lat="39.4811655" lon="-0.3422490"/>
 <node id="10161985706" visible="true" version="1" changeset="128553546" timestamp="2022-11-06T12:42:30Z" user="MikelCalo" uid="11126976" lat="39.4813472" lon="-0.3422265"/>
 <node id="10161985707" visible="true" version="1" changeset="128553546" timestamp="2022-11-06T12:42:30Z" user="MikelCalo" uid="11126976" lat="39.4811898" lon="-0.3423029"/>
 <node id="10161985708" visible="true" version="1" changeset="128553546" timestamp="2022-11-06T12:42:30Z" user="MikelCalo" uid="11126976" lat="39.4813430" lon="-0.3426822"/>
 <node id="10161985709" visible="true" version="1" changeset="128553546" timestamp="2022-11-06T12:42:30Z" user="MikelCalo" uid="11126976" lat="39.4814693" lon="-0.3426235"/>
 <node id="10161985710" visible="true" version="1" changeset="128553546" timestamp="2022-11-06T12:42:30Z" user="MikelCalo" uid="11126976" lat="39.4811608" lon="-0.3423165"/>
 <node id="10161985711" visible="true" version="1" changeset="128553546" timestamp="2022-11-06T12:42:30Z" user="MikelCalo" uid="11126976" lat="39.4811039" lon="-0.3423425"/>
 <node id="10161985712" visible="true" version="1" changeset="128553546" timestamp="2022-11-06T12:42:30Z" user="MikelCalo" uid="11126976" lat="39.4812213" lon="-0.3427449"/>
 <node id="10161985713" visible="true" version="1" changeset="128553546" timestamp="2022-11-06T12:42:30Z" user="MikelCalo" uid="11126976" lat="39.4813124" lon="-0.3426992"/>
 <node id="10161985714" visible="true" version="1" changeset="128553546" timestamp="2022-11-06T12:42:30Z" user="MikelCalo" uid="11126976" lat="39.4814832" lon="-0.3426741"/>
 <node id="10161985715" visible="true" version="1" changeset="128553546" timestamp="2022-11-06T12:42:30Z" user="MikelCalo" uid="11126976" lat="39.4813664" lon="-0.3427315"/>
 <node id="10161985716" visible="true" version="1" changeset="128553546" timestamp="2022-11-06T12:42:30Z" user="MikelCalo" uid="11126976" lat="39.4815183" lon="-0.3431131"/>
 <node id="10162002117" visible="true" version="1" changeset="128553546" timestamp="2022-11-06T12:42:30Z" user="MikelCalo" uid="11126976" lat="39.4816004" lon="-0.3430733"/>
 <node id="10162002118" visible="true" version="1" changeset="128553546" timestamp="2022-11-06T12:42:30Z" user="MikelCalo" uid="11126976" lat="39.4814920" lon="-0.3431262"/>
 <node id="10162002119" visible="true" version="1" changeset="128553546" timestamp="2022-11-06T12:42:30Z" user="MikelCalo" uid="11126976" lat="39.4813366" lon="-0.3427452"/>
 <node id="10162002120" visible="true" version="1" changeset="128553546" timestamp="2022-11-06T12:42:30Z" user="MikelCalo" uid="11126976" lat="39.4812594" lon="-0.3427831"/>
 <node id="10162002121" visible="true" version="1" changeset="128553546" timestamp="2022-11-06T12:42:30Z" user="MikelCalo" uid="11126976" lat="39.4813739" lon="-0.3431794"/>
 <node id="10185623428" visible="true" version="1" changeset="128933361" timestamp="2022-11-15T11:05:06Z" user="MikelCalo" uid="11126976" lat="39.4830269" lon="-0.3450980"/>
 <node id="10189164637" visible="true" version="4" changeset="173481073" timestamp="2025-10-19T09:13:10Z" user="Carlos244" uid="21450926" lat="39.4811999" lon="-0.3430075">
  <tag k="emergency" v="defibrillator"/>
  <tag k="indoor" v="yes"/>
  <tag k="level" v="0"/>
  <tag k="survey:date" v="2025-10-19"/>
 </node>
 <node id="10189182681" visible="true" version="4" changeset="178854575" timestamp="2026-02-21T11:37:26Z" user="N3n1u" uid="19036742" lat="39.4813569" lon="-0.3434247">
  <tag k="amenity" v="bicycle_parking"/>
  <tag k="bicycle_parking" v="stands"/>
  <tag k="capacity" v="14"/>
  <tag k="covered" v="no"/>
 </node>
 <node id="10189186120" visible="true" version="1" changeset="129002722" timestamp="2022-11-16T17:22:39Z" user="anchabo" uid="17677886" lat="39.4811559" lon="-0.3424306">
  <tag k="highway" v="street_lamp"/>
 </node>
 <node id="10189186121" visible="true" version="1" changeset="129002722" timestamp="2022-11-16T17:22:39Z" user="anchabo" uid="17677886" lat="39.4811733" lon="-0.3424898">
  <tag k="highway" v="street_lamp"/>
 </node>
 <node id="10189186954" visible="true" version="2" changeset="151936036" timestamp="2024-05-28T09:58:15Z" user="Carlos244" uid="21450926" lat="39.4811173" lon="-0.3419995">
  <tag k="amenity" v="bench"/>
  <tag k="backrest" v="yes"/>
 </node>
 <node id="10189186955" visible="true" version="2" changeset="151899994" timestamp="2024-05-27T13:45:16Z" user="Carlos244" uid="21450926" lat="39.4812340" lon="-0.3420348">
  <tag k="amenity" v="bench"/>
  <tag k="backrest" v="yes"/>
 </node>
 <node id="10189186956" visible="true" version="2" changeset="151936036" timestamp="2024-05-28T09:58:16Z" user="Carlos244" uid="21450926" lat="39.4811373" lon="-0.3421242">
  <tag k="amenity" v="bench"/>
  <tag k="backrest" v="yes"/>
 </node>
 <node id="10189193389" visible="true" version="1" changeset="129002688" timestamp="2022-11-16T17:21:53Z" user="Lorena87" uid="17677845" lat="39.4810691" lon="-0.3420355">
  <tag k="highway" v="street_lamp"/>
 </node>
 <node id="10189193390" visible="true" version="1" changeset="129002688" timestamp="2022-11-16T17:21:53Z" user="Lorena87" uid="17677845" lat="39.4810589" lon="-0.3419592">
  <tag k="highway" v="street_lamp"/>
 </node>
 <node id="10189193391" visible="true" version="1" changeset="129002688" timestamp="2022-11-16T17:21:53Z" user="Lorena87" uid="17677845" lat="39.4810224" lon="-0.3418778">
  <tag k="highway" v="street_lamp"/>
 </node>
 <node id="10189194059" visible="true" version="1" changeset="129002713" timestamp="2022-11-16T17:22:31Z" user="Lorena87" uid="17677845" lat="39.4811661" lon="-0.3419926">
  <tag k="highway" v="street_lamp"/>
 </node>
 <node id="10189195362" visible="true" version="1" changeset="129003649" timestamp="2022-11-16T17:45:28Z" user="Marleynavas" uid="17677844" lat="39.4818010" lon="-0.3435749">
  <tag k="highway" v="street_lamp"/>
 </node>
 <node id="10189196192" visible="true" version="2" changeset="161243000" timestamp="2025-01-11T15:15:33Z" user="Arnau Mora" uid="5365869" lat="39.4815822" lon="-0.3434692">
  <tag k="amenity" v="bench"/>
  <tag k="backrest" v="yes"/>
 </node>
 <node id="10189196193" visible="true" version="2" changeset="161243000" timestamp="2025-01-11T15:15:38Z" user="Arnau Mora" uid="5365869" lat="39.4815656" lon="-0.3437777">
  <tag k="amenity" v="bench"/>
  <tag k="backrest" v="yes"/>
 </node>
 <node id="10189196194" visible="true" version="2" changeset="161243000" timestamp="2025-01-11T15:15:43Z" user="Arnau Mora" uid="5365869" lat="39.4816545" lon="-0.3438496">
  <tag k="amenity" v="bench"/>
  <tag k="backrest" v="yes"/>
 </node>
 <node id="10189196195" visible="true" version="2" changeset="161243000" timestamp="2025-01-11T15:15:45Z" user="Arnau Mora" uid="5365869" lat="39.4817040" lon="-0.3438161">
  <tag k="amenity" v="bench"/>
  <tag k="backrest" v="yes"/>
 </node>
 <node id="10189196196" visible="true" version="2" changeset="161243000" timestamp="2025-01-11T15:15:41Z" user="Arnau Mora" uid="5365869" lat="39.4817556" lon="-0.3437813">
  <tag k="amenity" v="bench"/>
  <tag k="backrest" v="yes"/>
 </node>
 <node id="10189200471" visible="true" version="2" changeset="161230813" timestamp="2025-01-11T08:54:54Z" user="Arnau Mora" uid="5365869" lat="39.4812447" lon="-0.3426313">
  <tag k="amenity" v="bench"/>
  <tag k="backrest" v="yes"/>
 </node>
 <node id="10189200472" visible="true" version="2" changeset="161230813" timestamp="2025-01-11T08:55:06Z" user="Arnau Mora" uid="5365869" lat="39.4814230" lon="-0.3430872">
  <tag k="amenity" v="bench"/>
  <tag k="backrest" v="yes"/>
 </node>
 <node id="10189200693" visible="true" version="1" changeset="129002677" timestamp="2022-11-16T17:21:39Z" user="anchabo" uid="17677886" lat="39.4811179" lon="-0.3422656">
  <tag k="highway" v="street_lamp"/>
 </node>
 <node id="10189200770" visible="true" version="1" changeset="129002695" timestamp="2022-11-16T17:22:00Z" user="anchabo" uid="17677886" lat="39.4811368" lon="-0.3423590">
  <tag k="highway" v="street_lamp"/>
 </node>
 <node id="10189201772" visible="true" version="2" changeset="151899994" timestamp="2024-05-27T13:45:25Z" user="Carlos244" uid="21450926" lat="39.4813506" lon="-0.3423679">
  <tag k="amenity" v="bench"/>
  <tag k="backrest" v="yes"/>
 </node>
 <node id="10189201773" visible="true" version="2" changeset="151899994" timestamp="2024-05-27T13:45:23Z" user="Carlos244" uid="21450926" lat="39.4813056" lon="-0.3424479">
  <tag k="amenity" v="bench"/>
  <tag k="backrest" v="yes"/>
 </node>
 <node id="10189201774" visible="true" version="2" changeset="161230813" timestamp="2025-01-11T08:54:57Z" user="Arnau Mora" uid="5365869" lat="39.4813822" lon="-0.3426133">
  <tag k="amenity" v="bench"/>
  <tag k="backrest" v="yes"/>
 </node>
 <node id="10189202417" visible="true" version="1" changeset="129002662" timestamp="2022-11-16T17:21:15Z" user="anchabo" uid="17677886" lat="39.4811109" lon="-0.3421844">
  <tag k="highway" v="street_lamp"/>
 </node>
 <node id="10189202418" visible="true" version="1" changeset="129002662" timestamp="2022-11-16T17:21:15Z" user="anchabo" uid="17677886" lat="39.4811224" lon="-0.3422041">
  <tag k="highway" v="street_lamp"/>
 </node>
 <node id="10189203232" visible="true" version="5" changeset="161230787" timestamp="2025-01-11T08:53:51Z" user="Arnau Mora" uid="5365869" lat="39.4811494" lon="-0.3432671">
  <tag k="amenity" v="vending_machine"/>
  <tag k="check_date" v="2025-01-11"/>
  <tag k="currency:EUR" v="yes"/>
  <tag k="indoor" v="no"/>
  <tag k="payment:cash" v="yes"/>
  <tag k="payment:credit_cards" v="yes"/>
  <tag k="vending" v="sweets;food"/>
 </node>
 <node id="10189203998" visible="true" version="2" changeset="177289329" timestamp="2026-01-16T09:10:35Z" user="aTarom" uid="5127355" lat="39.4812926" lon="-0.3419283">
  <tag k="highway" v="street_lamp"/>
  <tag k="lamp_type" v="led"/>
 </node>
 <node id="10189205447" visible="true" version="2" changeset="161230813" timestamp="2025-01-11T08:55:07Z" user="Arnau Mora" uid="5365869" lat="39.4815031" lon="-0.3430014">
  <tag k="amenity" v="bench"/>
  <tag k="backrest" v="yes"/>
 </node>
 <node id="10189213411" visible="true" version="4" changeset="161230797" timestamp="2025-01-11T08:54:08Z" user="Arnau Mora" uid="5365869" lat="39.4811389" lon="-0.3433587">
  <tag k="amenity" v="bicycle_parking"/>
  <tag k="bicycle_parking" v="stands"/>
  <tag k="capacity" v="7"/>
  <tag k="covered" v="no"/>
 </node>
 <node id="10189213619" visible="true" version="5" changeset="151900631" timestamp="2024-05-27T13:48:29Z" user="Carlos244" uid="21450926" lat="39.4811149" lon="-0.3418108">
  <tag k="amenity" v="bicycle_parking"/>
  <tag k="bicycle_parking" v="stands"/>
  <tag k="capacity" v="40"/>
  <tag k="covered" v="no"/>
  <tag k="operator:type" v="public"/>
 </node>
 <node id="10189228156" visible="true" version="2" changeset="178854617" timestamp="2026-02-21T11:38:11Z" user="N3n1u" uid="19036742" lat="39.4814230" lon="-0.3434077">
  <tag k="amenity" v="recycling"/>
  <tag k="recycling:cans" v="yes"/>
  <tag k="recycling:food_waste" v="yes"/>
  <tag k="recycling:glass_bottles" v="yes"/>
  <tag k="recycling:green_waste" v="yes"/>
  <tag k="recycling:paper" v="yes"/>
  <tag k="recycling:plastic" v="yes"/>
  <tag k="recycling_type" v="container"/>
 </node>
 <node id="10189229230" visible="true" version="2" changeset="161243000" timestamp="2025-01-11T15:16:32Z" user="Arnau Mora" uid="5365869" lat="39.4818935" lon="-0.3444005">
  <tag k="amenity" v="bench"/>
  <tag k="backrest" v="yes"/>
 </node>
 <node id="10189231201" visible="true" version="2" changeset="172694137" timestamp="2025-10-01T08:26:52Z" user="Carlos244" uid="21450926" lat="39.4814466" lon="-0.3438119">
  <tag k="amenity" v="bicycle_parking"/>
  <tag k="covered" v="no"/>
 </node>
 <node id="10189232841" visible="true" version="1" changeset="129003381" timestamp="2022-11-16T17:40:01Z" user="Lorena87" uid="17677845" lat="39.4830242" lon="-0.3434929">
  <tag k="highway" v="street_lamp"/>
 </node>
 <node id="10189232844" visible="true" version="1" changeset="129003381" timestamp="2022-11-16T17:40:01Z" user="Lorena87" uid="17677845" lat="39.4829712" lon="-0.3422817">
  <tag k="highway" v="street_lamp"/>
 </node>
 <node id="10189232845" visible="true" version="1" changeset="129003381" timestamp="2022-11-16T17:40:01Z" user="Lorena87" uid="17677845" lat="39.4828960" lon="-0.3420828">
  <tag k="highway" v="street_lamp"/>
 </node>
 <node id="10189290353" visible="true" version="3" changeset="131025931" timestamp="2023-01-08T18:24:02Z" user="Jordi MF" uid="8278438" lat="39.4818431" lon="-0.3430994">
  <tag k="amenity" v="pharmacy"/>
  <tag k="check_date" v="2022-11-16"/>
  <tag k="healthcare" v="pharmacy"/>
  <tag k="internet_access" v="wlan"/>
  <tag k="internet_access:fee" v="no"/>
  <tag k="level" v="0"/>
  <tag k="name" v="Farmàcia Politècnic"/>
  <tag k="name:ca" v="Farmàcia Politècnic"/>
  <tag k="name:es" v="Farmacia Politécnico"/>
  <tag k="opening_hours" v="Mo-Sa 08:00-20:00"/>
  <tag k="phone" v="+34 963 71 12 51"/>
  <tag k="website" v="https://www.upv.es/entidades/FP/index-es.html"/>
  <tag k="wheelchair" v="yes"/>
 </node>
 <node id="10189291452" visible="true" version="1" changeset="129003526" timestamp="2022-11-16T17:43:15Z" user="Marleynavas" uid="17677844" lat="39.4817109" lon="-0.3432380">
  <tag k="highway" v="street_lamp"/>
 </node>
 <node id="10189294843" visible="true" version="1" changeset="129003628" timestamp="2022-11-16T17:45:00Z" user="Marleynavas" uid="17677844" lat="39.4817324" lon="-0.3433520">
  <tag k="highway" v="street_lamp"/>
 </node>
 <node id="10189294844" visible="true" version="1" changeset="129003628" timestamp="2022-11-16T17:45:00Z" user="Marleynavas" uid="17677844" lat="39.4817634" lon="-0.3434519">
  <tag k="highway" v="street_lamp"/>
 </node>
 <node id="10189296092" visible="true" version="2" changeset="177289329" timestamp="2026-01-16T09:10:35Z" user="aTarom" uid="5127355" lat="39.4816296" lon="-0.3430186">
  <tag k="highway" v="street_lamp"/>
  <tag k="lamp_type" v="led"/>
 </node>
 <node id="10189296093" visible="true" version="2" changeset="177289329" timestamp="2026-01-16T09:10:35Z" user="aTarom" uid="5127355" lat="39.4816061" lon="-0.3429457">
  <tag k="highway" v="street_lamp"/>
  <tag k="lamp_type" v="led"/>
 </node>
 <node id="10189296094" visible="true" version="2" changeset="177289329" timestamp="2026-01-16T09:10:35Z" user="aTarom" uid="5127355" lat="39.4815619" lon="-0.3428133">
  <tag k="highway" v="street_lamp"/>
  <tag k="lamp_type" v="led"/>
 </node>
 <node id="10189296095" visible="true" version="2" changeset="177289329" timestamp="2026-01-16T09:10:35Z" user="aTarom" uid="5127355" lat="39.4815268" lon="-0.3426646">
  <tag k="highway" v="street_lamp"/>
  <tag k="lamp_type" v="led"/>
 </node>
 <node id="10189296096" visible="true" version="2" changeset="177289329" timestamp="2026-01-16T09:10:35Z" user="aTarom" uid="5127355" lat="39.4814958" lon="-0.3425463">
  <tag k="highway" v="street_lamp"/>
  <tag k="lamp_type" v="led"/>
 </node>
 <node id="10189296097" visible="true" version="2" changeset="177289329" timestamp="2026-01-16T09:10:35Z" user="aTarom" uid="5127355" lat="39.4814516" lon="-0.3423894">
  <tag k="highway" v="street_lamp"/>
  <tag k="lamp_type" v="led"/>
 </node>
 <node id="10189296098" visible="true" version="2" changeset="177289329" timestamp="2026-01-16T09:10:35Z" user="aTarom" uid="5127355" lat="39.4814138" lon="-0.3422510">
  <tag k="highway" v="street_lamp"/>
  <tag k="lamp_type" v="led"/>
 </node>
 <node id="10189296099" visible="true" version="2" changeset="177289329" timestamp="2026-01-16T09:10:35Z" user="aTarom" uid="5127355" lat="39.4813518" lon="-0.3421105">
  <tag k="highway" v="street_lamp"/>
  <tag k="lamp_type" v="led"/>
 </node>
 <node id="10189296100" visible="true" version="2" changeset="177289329" timestamp="2026-01-16T09:10:35Z" user="aTarom" uid="5127355" lat="39.4813122" lon="-0.3420302">
  <tag k="highway" v="street_lamp"/>
  <tag k="lamp_type" v="led"/>
 </node>
 <node id="10197710942" visible="true" version="3" changeset="161242989" timestamp="2025-01-11T15:15:16Z" user="Arnau Mora" uid="5365869" lat="39.4815363" lon="-0.3429877">
  <tag k="emergency" v="fire_hydrant"/>
  <tag k="fire_hydrant:position" v="green"/>
  <tag k="fire_hydrant:type" v="underground"/>
 </node>
 <node id="10197712349" visible="true" version="3" changeset="161242989" timestamp="2025-01-11T15:16:22Z" user="Arnau Mora" uid="5365869" lat="39.4819549" lon="-0.3440845">
  <tag k="emergency" v="fire_hydrant"/>
  <tag k="fire_hydrant:position" v="green"/>
  <tag k="fire_hydrant:type" v="underground"/>
 </node>
 <node id="10203778409" visible="true" version="2" changeset="141000693" timestamp="2023-09-08T19:48:51Z" user="Saicpp" uid="19253508" lat="39.4832405" lon="-0.3418247"/>
 <node id="10203778410" visible="true" version="1" changeset="129155438" timestamp="2022-11-20T12:56:18Z" user="MikelCalo" uid="11126976" lat="39.4830557" lon="-0.3425268"/>
 <node id="10203778411" visible="true" version="1" changeset="129155438" timestamp="2022-11-20T12:56:18Z" user="MikelCalo" uid="11126976" lat="39.4830183" lon="-0.3423940"/>
 <node id="10203778412" visible="true" version="1" changeset="129155438" timestamp="2022-11-20T12:56:18Z" user="MikelCalo" uid="11126976" lat="39.4831943" lon="-0.3423089"/>
 <node id="10203778413" visible="true" version="1" changeset="129155438" timestamp="2022-11-20T12:56:18Z" user="MikelCalo" uid="11126976" lat="39.4830820" lon="-0.3419200"/>
 <node id="10203778414" visible="true" version="1" changeset="129155438" timestamp="2022-11-20T12:56:18Z" user="MikelCalo" uid="11126976" lat="39.4831667" lon="-0.3418766"/>
 <node id="10203778415" visible="true" version="1" changeset="129155438" timestamp="2022-11-20T12:56:18Z" user="MikelCalo" uid="11126976" lat="39.4832291" lon="-0.3420834"/>
 <node id="10203778416" visible="true" version="1" changeset="129155438" timestamp="2022-11-20T12:56:18Z" user="MikelCalo" uid="11126976" lat="39.4832771" lon="-0.3422374"/>
 <node id="10203861917" visible="true" version="1" changeset="129155438" timestamp="2022-11-20T12:56:18Z" user="MikelCalo" uid="11126976" lat="39.4832850" lon="-0.3422826"/>
 <node id="10203861918" visible="true" version="1" changeset="129155438" timestamp="2022-11-20T12:56:18Z" user="MikelCalo" uid="11126976" lat="39.4832830" lon="-0.3423251"/>
 <node id="10203861919" visible="true" version="1" changeset="129155438" timestamp="2022-11-20T12:56:18Z" user="MikelCalo" uid="11126976" lat="39.4832712" lon="-0.3423796"/>
 <node id="10203861920" visible="true" version="1" changeset="129155438" timestamp="2022-11-20T12:56:18Z" user="MikelCalo" uid="11126976" lat="39.4832423" lon="-0.3424247"/>
 <node id="10203861921" visible="true" version="1" changeset="129155438" timestamp="2022-11-20T12:56:18Z" user="MikelCalo" uid="11126976" lat="39.4832101" lon="-0.3424494"/>
 <node id="10203861922" visible="true" version="1" changeset="129155438" timestamp="2022-11-20T12:56:18Z" user="MikelCalo" uid="11126976" lat="39.4829588" lon="-0.3424263"/>
 <node id="10203861923" visible="true" version="1" changeset="129155438" timestamp="2022-11-20T12:56:18Z" user="MikelCalo" uid="11126976" lat="39.4828404" lon="-0.3420191"/>
 <node id="10203861924" visible="true" version="1" changeset="129155438" timestamp="2022-11-20T12:56:18Z" user="MikelCalo" uid="11126976" lat="39.4827773" lon="-0.3420499"/>
 <node id="10203861925" visible="true" version="1" changeset="129155438" timestamp="2022-11-20T12:56:18Z" user="MikelCalo" uid="11126976" lat="39.4825712" lon="-0.3422691"/>
 <node id="10203861926" visible="true" version="1" changeset="129155438" timestamp="2022-11-20T12:56:18Z" user="MikelCalo" uid="11126976" lat="39.4826708" lon="-0.3425681"/>
 <node id="10203861927" visible="true" version="1" changeset="129155438" timestamp="2022-11-20T12:56:18Z" user="MikelCalo" uid="11126976" lat="39.4827856" lon="-0.3425120"/>
 <node id="10203861928" visible="true" version="1" changeset="129155438" timestamp="2022-11-20T12:56:18Z" user="MikelCalo" uid="11126976" lat="39.4827769" lon="-0.3424821"/>
 <node id="10203861929" visible="true" version="1" changeset="129155438" timestamp="2022-11-20T12:56:18Z" user="MikelCalo" uid="11126976" lat="39.4828723" lon="-0.3424355"/>
 <node id="10203861930" visible="true" version="1" changeset="129155438" timestamp="2022-11-20T12:56:18Z" user="MikelCalo" uid="11126976" lat="39.4828807" lon="-0.3424644"/>
 <node id="10203861931" visible="true" version="1" changeset="129155438" timestamp="2022-11-20T12:56:18Z" user="MikelCalo" uid="11126976" lat="39.4826551" lon="-0.3425576"/>
 <node id="10203861932" visible="true" version="1" changeset="129155438" timestamp="2022-11-20T12:56:18Z" user="MikelCalo" uid="11126976" lat="39.4826662" lon="-0.3425522"/>
 <node id="10203861933" visible="true" version="1" changeset="129155438" timestamp="2022-11-20T12:56:18Z" user="MikelCalo" uid="11126976" lat="39.4822766" lon="-0.3425555"/>
 <node id="10203861934" visible="true" version="1" changeset="129155438" timestamp="2022-11-20T12:56:18Z" user="MikelCalo" uid="11126976" lat="39.4822100" lon="-0.3423293"/>
 <node id="10203861935" visible="true" version="1" changeset="129155438" timestamp="2022-11-20T12:56:18Z" user="MikelCalo" uid="11126976" lat="39.4825104" lon="-0.3421809"/>
 <node id="10203861936" visible="true" version="1" changeset="129155438" timestamp="2022-11-20T12:56:18Z" user="MikelCalo" uid="11126976" lat="39.4825346" lon="-0.3422634"/>
 <node id="10203861937" visible="true" version="1" changeset="129155438" timestamp="2022-11-20T12:56:18Z" user="MikelCalo" uid="11126976" lat="39.4825134" lon="-0.3422857"/>
 <node id="10203861938" visible="true" version="1" changeset="129155438" timestamp="2022-11-20T12:56:18Z" user="MikelCalo" uid="11126976" lat="39.4825212" lon="-0.3422982"/>
 <node id="10203861939" visible="true" version="1" changeset="129155438" timestamp="2022-11-20T12:56:18Z" user="MikelCalo" uid="11126976" lat="39.4825447" lon="-0.3422965"/>
 <node id="10203861940" visible="true" version="1" changeset="129155438" timestamp="2022-11-20T12:56:18Z" user="MikelCalo" uid="11126976" lat="39.4826227" lon="-0.3425695"/>
 <node id="10203861941" visible="true" version="1" changeset="129155438" timestamp="2022-11-20T12:56:18Z" user="MikelCalo" uid="11126976" lat="39.4826125" lon="-0.3425744"/>
 <node id="10203861942" visible="true" version="1" changeset="129155438" timestamp="2022-11-20T12:56:18Z" user="MikelCalo" uid="11126976" lat="39.4826172" lon="-0.3425910"/>
 <node id="10203861943" visible="true" version="1" changeset="129155438" timestamp="2022-11-20T12:56:18Z" user="MikelCalo" uid="11126976" lat="39.4825523" lon="-0.3426221"/>
 <node id="10203861944" visible="true" version="1" changeset="129155438" timestamp="2022-11-20T12:56:18Z" user="MikelCalo" uid="11126976" lat="39.4825469" lon="-0.3426031"/>
 <node id="10203861945" visible="true" version="1" changeset="129155438" timestamp="2022-11-20T12:56:18Z" user="MikelCalo" uid="11126976" lat="39.4824490" lon="-0.3426500"/>
 <node id="10203861946" visible="true" version="1" changeset="129155438" timestamp="2022-11-20T12:56:18Z" user="MikelCalo" uid="11126976" lat="39.4824567" lon="-0.3426770"/>
 <node id="10203861947" visible="true" version="1" changeset="129155438" timestamp="2022-11-20T12:56:18Z" user="MikelCalo" uid="11126976" lat="39.4823452" lon="-0.3427304"/>
 <node id="10203861948" visible="true" version="1" changeset="129155438" timestamp="2022-11-20T12:56:18Z" user="MikelCalo" uid="11126976" lat="39.4823402" lon="-0.3427131"/>
 <node id="10203861949" visible="true" version="1" changeset="129155438" timestamp="2022-11-20T12:56:18Z" user="MikelCalo" uid="11126976" lat="39.4823255" lon="-0.3427202"/>
 <node id="10203861950" visible="true" version="1" changeset="129155438" timestamp="2022-11-20T12:56:18Z" user="MikelCalo" uid="11126976" lat="39.4822883" lon="-0.3425896"/>
 <node id="10203861951" visible="true" version="1" changeset="129155438" timestamp="2022-11-20T12:56:18Z" user="MikelCalo" uid="11126976" lat="39.4823084" lon="-0.3425665"/>
 <node id="10203861952" visible="true" version="1" changeset="129155438" timestamp="2022-11-20T12:56:18Z" user="MikelCalo" uid="11126976" lat="39.4823053" lon="-0.3425535"/>
 <node id="10203861953" visible="true" version="1" changeset="129155438" timestamp="2022-11-20T12:56:18Z" user="MikelCalo" uid="11126976" lat="39.4825610" lon="-0.3422343"/>
 <node id="10203861954" visible="true" version="1" changeset="129155438" timestamp="2022-11-20T12:56:18Z" user="MikelCalo" uid="11126976" lat="39.4825397" lon="-0.3421659"/>
 <node id="10203861955" visible="true" version="1" changeset="129155438" timestamp="2022-11-20T12:56:18Z" user="MikelCalo" uid="11126976" lat="39.4826959" lon="-0.3420842"/>
 <node id="10203861956" visible="true" version="1" changeset="129155438" timestamp="2022-11-20T12:56:18Z" user="MikelCalo" uid="11126976" lat="39.4826989" lon="-0.3420937"/>
 <node id="10203861957" visible="true" version="1" changeset="129155438" timestamp="2022-11-20T12:56:18Z" user="MikelCalo" uid="11126976" lat="39.4825860" lon="-0.3422195"/>
 <node id="10203861958" visible="true" version="1" changeset="129155438" timestamp="2022-11-20T12:56:18Z" user="MikelCalo" uid="11126976" lat="39.4825810" lon="-0.3422120"/>
 <node id="10203861959" visible="true" version="1" changeset="129155438" timestamp="2022-11-20T12:56:18Z" user="MikelCalo" uid="11126976" lat="39.4822950" lon="-0.3427292"/>
 <node id="10203861960" visible="true" version="1" changeset="129155438" timestamp="2022-11-20T12:56:18Z" user="MikelCalo" uid="11126976" lat="39.4822612" lon="-0.3426127"/>
 <node id="10203861961" visible="true" version="1" changeset="129155438" timestamp="2022-11-20T12:56:18Z" user="MikelCalo" uid="11126976" lat="39.4820086" lon="-0.3428697"/>
 <node id="10203861962" visible="true" version="1" changeset="129155438" timestamp="2022-11-20T12:56:18Z" user="MikelCalo" uid="11126976" lat="39.4820137" lon="-0.3428874"/>
 <node id="10203861963" visible="true" version="1" changeset="129155438" timestamp="2022-11-20T12:56:18Z" user="MikelCalo" uid="11126976" lat="39.4821236" lon="-0.3428339"/>
 <node id="10203861964" visible="true" version="1" changeset="129155438" timestamp="2022-11-20T12:56:18Z" user="MikelCalo" uid="11126976" lat="39.4821175" lon="-0.3428129"/>
 <node id="10203861965" visible="true" version="1" changeset="129155438" timestamp="2022-11-20T12:56:18Z" user="MikelCalo" uid="11126976" lat="39.4822220" lon="-0.3427621"/>
 <node id="10203861966" visible="true" version="1" changeset="129155438" timestamp="2022-11-20T12:56:18Z" user="MikelCalo" uid="11126976" lat="39.4822277" lon="-0.3427817"/>
 <node id="10203861967" visible="true" version="1" changeset="129155438" timestamp="2022-11-20T12:56:18Z" user="MikelCalo" uid="11126976" lat="39.4822853" lon="-0.3427536"/>
 <node id="10203861968" visible="true" version="1" changeset="129155438" timestamp="2022-11-20T12:56:18Z" user="MikelCalo" uid="11126976" lat="39.4822804" lon="-0.3427364"/>
 <node id="10203861969" visible="true" version="1" changeset="129155438" timestamp="2022-11-20T12:56:18Z" user="MikelCalo" uid="11126976" lat="39.4822526" lon="-0.3425836"/>
 <node id="10203861970" visible="true" version="1" changeset="129155438" timestamp="2022-11-20T12:56:18Z" user="MikelCalo" uid="11126976" lat="39.4821829" lon="-0.3423467"/>
 <node id="10203861971" visible="true" version="1" changeset="129155438" timestamp="2022-11-20T12:56:18Z" user="MikelCalo" uid="11126976" lat="39.4818838" lon="-0.3424932"/>
 <node id="10203861972" visible="true" version="2" changeset="141041553" timestamp="2023-09-09T22:08:54Z" user="Saicpp" uid="19253508" lat="39.4819892" lon="-0.3428703"/>
 <node id="10312063011" visible="true" version="2" changeset="157378306" timestamp="2024-10-02T13:08:12Z" user="Arnau Camprubí" uid="21859822" lat="39.4825683" lon="-0.3447533">
  <tag k="amenity" v="drinking_water"/>
  <tag k="fee" v="no"/>
  <tag k="man_made" v="water_tap"/>
 </node>
 <node id="10314671205" visible="true" version="4" changeset="173674691" timestamp="2025-10-23T13:24:14Z" user="Carlos244" uid="21450926" lat="39.4811085" lon="-0.3429392">
  <tag k="amenity" v="library"/>
  <tag k="name" v="Biblioteca General"/>
  <tag k="opening_hours" v="Mo-Fr 08:00-21:00; Sa,Su 08:30-21:00"/>
 </node>
 <node id="11153234041" visible="true" version="1" changeset="140542863" timestamp="2023-08-29T13:41:57Z" user="Saicpp" uid="19253508" lat="39.4808627" lon="-0.3415928"/>
 <node id="11177372643" visible="true" version="2" changeset="141094351" timestamp="2023-09-11T06:54:17Z" user="Saicpp" uid="19253508" lat="39.4832411" lon="-0.3433346"/>
 <node id="11177372644" visible="true" version="1" changeset="140997782" timestamp="2023-09-08T18:04:29Z" user="Saicpp" uid="19253508" lat="39.4830840" lon="-0.3426821"/>
 <node id="11177372645" visible="true" version="1" changeset="140997782" timestamp="2023-09-08T18:04:29Z" user="Saicpp" uid="19253508" lat="39.4830741" lon="-0.3427029"/>
 <node id="11177372646" visible="true" version="1" changeset="140997782" timestamp="2023-09-08T18:04:29Z" user="Saicpp" uid="19253508" lat="39.4830985" lon="-0.3427945"/>
 <node id="11177372647" visible="true" version="2" changeset="141041250" timestamp="2023-09-09T21:52:32Z" user="Saicpp" uid="19253508" lat="39.4830656" lon="-0.3428530"/>
 <node id="11177372649" visible="true" version="1" changeset="140997782" timestamp="2023-09-08T18:04:29Z" user="Saicpp" uid="19253508" lat="39.4830613" lon="-0.3426261"/>
 <node id="11177372650" visible="true" version="1" changeset="140997782" timestamp="2023-09-08T18:04:29Z" user="Saicpp" uid="19253508" lat="39.4830888" lon="-0.3425388"/>
 <node id="11177372651" visible="true" version="1" changeset="140997782" timestamp="2023-09-08T18:04:29Z" user="Saicpp" uid="19253508" lat="39.4831356" lon="-0.3424973"/>
 <node id="11177372652" visible="true" version="1" changeset="140997782" timestamp="2023-09-08T18:04:29Z" user="Saicpp" uid="19253508" lat="39.4831946" lon="-0.3424676"/>
 <node id="11177372653" visible="true" version="1" changeset="140997782" timestamp="2023-09-08T18:04:29Z" user="Saicpp" uid="19253508" lat="39.4832480" lon="-0.3424340"/>
 <node id="11177372654" visible="true" version="1" changeset="140997782" timestamp="2023-09-08T18:04:29Z" user="Saicpp" uid="19253508" lat="39.4832791" lon="-0.3423853"/>
 <node id="11177372655" visible="true" version="1" changeset="140997782" timestamp="2023-09-08T18:04:29Z" user="Saicpp" uid="19253508" lat="39.4832943" lon="-0.3423292"/>
 <node id="11177372656" visible="true" version="1" changeset="140997782" timestamp="2023-09-08T18:04:29Z" user="Saicpp" uid="19253508" lat="39.4832948" lon="-0.3422646"/>
 <node id="11177372657" visible="true" version="2" changeset="141000693" timestamp="2023-09-08T19:48:51Z" user="Saicpp" uid="19253508" lat="39.4832767" lon="-0.3422009"/>
 <node id="11177372658" visible="true" version="2" changeset="141000693" timestamp="2023-09-08T19:48:51Z" user="Saicpp" uid="19253508" lat="39.4832951" lon="-0.3421903"/>
 <node id="11177372659" visible="true" version="2" changeset="175724884" timestamp="2025-12-09T17:37:42Z" user="kapazao_import" uid="8770019" lat="39.4833409" lon="-0.3421622">
  <tag k="crossing" v="uncontrolled"/>
  <tag k="crossing:markings" v="zebra"/>
  <tag k="highway" v="crossing"/>
 </node>
 <node id="11177372664" visible="true" version="1" changeset="140997782" timestamp="2023-09-08T18:04:29Z" user="Saicpp" uid="19253508" lat="39.4832627" lon="-0.3434121"/>
 <node id="11177553338" visible="true" version="2" changeset="175724884" timestamp="2025-12-09T17:37:43Z" user="kapazao_import" uid="8770019" lat="39.4831242" lon="-0.3457899">
  <tag k="crossing" v="uncontrolled"/>
  <tag k="crossing:markings" v="zebra"/>
  <tag k="highway" v="crossing"/>
 </node>
 <node id="11177553394" visible="true" version="1" changeset="141000693" timestamp="2023-09-08T19:48:51Z" user="Saicpp" uid="19253508" lat="39.4831805" lon="-0.3418469">
  <tag k="barrier" v="lift_gate"/>
  <tag k="lift_gate:type" v="double"/>
 </node>
 <node id="11177553395" visible="true" version="1" changeset="141000693" timestamp="2023-09-08T19:48:51Z" user="Saicpp" uid="19253508" lat="39.4831216" lon="-0.3418722"/>
 <node id="11177553396" visible="true" version="1" changeset="141000693" timestamp="2023-09-08T19:48:51Z" user="Saicpp" uid="19253508" lat="39.4832377" lon="-0.3422491"/>
 <node id="11177553397" visible="true" version="1" changeset="141000693" timestamp="2023-09-08T19:48:51Z" user="Saicpp" uid="19253508" lat="39.4832131" lon="-0.3423554"/>
 <node id="11177553398" visible="true" version="1" changeset="141000693" timestamp="2023-09-08T19:48:51Z" user="Saicpp" uid="19253508" lat="39.4830043" lon="-0.3424838"/>
 <node id="11177646138" visible="true" version="1" changeset="141002849" timestamp="2023-09-08T21:08:58Z" user="Saicpp" uid="19253508" lat="39.4816180" lon="-0.3436693">
  <tag k="name" v="Ágora"/>
  <tag k="place" v="square"/>
 </node>
 <node id="11179547050" visible="true" version="2" changeset="150748880" timestamp="2024-05-01T12:48:55Z" user="MikelCalo" uid="11126976" lat="39.4821768" lon="-0.3434523"/>
 <node id="11179547051" visible="true" version="1" changeset="141041553" timestamp="2023-09-09T22:08:54Z" user="Saicpp" uid="19253508" lat="39.4821424" lon="-0.3433427"/>
 <node id="11179547052" visible="true" version="1" changeset="141041553" timestamp="2023-09-09T22:08:54Z" user="Saicpp" uid="19253508" lat="39.4820268" lon="-0.3429509"/>
 <node id="11179547053" visible="true" version="1" changeset="141041553" timestamp="2023-09-09T22:08:54Z" user="Saicpp" uid="19253508" lat="39.4819704" lon="-0.3427536"/>
 <node id="11179547054" visible="true" version="1" changeset="141041553" timestamp="2023-09-09T22:08:54Z" user="Saicpp" uid="19253508" lat="39.4819124" lon="-0.3427739"/>
 <node id="11179557761" visible="true" version="1" changeset="141041250" timestamp="2023-09-09T21:52:32Z" user="Saicpp" uid="19253508" lat="39.4813131" lon="-0.3418323">
  <tag k="entrance" v="main"/>
  <tag k="level" v="0"/>
 </node>
 <node id="11179557762" visible="true" version="1" changeset="141041250" timestamp="2023-09-09T21:52:32Z" user="Saicpp" uid="19253508" lat="39.4815358" lon="-0.3420950"/>
 <node id="11179557763" visible="true" version="1" changeset="141041250" timestamp="2023-09-09T21:52:32Z" user="Saicpp" uid="19253508" lat="39.4815321" lon="-0.3420806"/>
 <node id="11179557764" visible="true" version="1" changeset="141041250" timestamp="2023-09-09T21:52:32Z" user="Saicpp" uid="19253508" lat="39.4815860" lon="-0.3420522"/>
 <node id="11179557765" visible="true" version="1" changeset="141041250" timestamp="2023-09-09T21:52:32Z" user="Saicpp" uid="19253508" lat="39.4815960" lon="-0.3420806"/>
 <node id="11179557766" visible="true" version="1" changeset="141041250" timestamp="2023-09-09T21:52:32Z" user="Saicpp" uid="19253508" lat="39.4815572" lon="-0.3421007"/>
 <node id="11179557767" visible="true" version="1" changeset="141041250" timestamp="2023-09-09T21:52:32Z" user="Saicpp" uid="19253508" lat="39.4816648" lon="-0.3425974"/>
 <node id="11179557768" visible="true" version="1" changeset="141041250" timestamp="2023-09-09T21:52:32Z" user="Saicpp" uid="19253508" lat="39.4815033" lon="-0.3426467"/>
 <node id="11179557769" visible="true" version="1" changeset="141041250" timestamp="2023-09-09T21:52:32Z" user="Saicpp" uid="19253508" lat="39.4816567" lon="-0.3425633"/>
 <node id="11179557770" visible="true" version="1" changeset="141041250" timestamp="2023-09-09T21:52:32Z" user="Saicpp" uid="19253508" lat="39.4816145" lon="-0.3426136"/>
 <node id="11179557771" visible="true" version="1" changeset="141041250" timestamp="2023-09-09T21:52:32Z" user="Saicpp" uid="19253508" lat="39.4815661" lon="-0.3426369"/>
 <node id="11179557772" visible="true" version="1" changeset="141041250" timestamp="2023-09-09T21:52:32Z" user="Saicpp" uid="19253508" lat="39.4815521" lon="-0.3425892"/>
 <node id="11179557773" visible="true" version="1" changeset="141041250" timestamp="2023-09-09T21:52:32Z" user="Saicpp" uid="19253508" lat="39.4815531" lon="-0.3426543"/>
 <node id="11179557774" visible="true" version="1" changeset="141041250" timestamp="2023-09-09T21:52:32Z" user="Saicpp" uid="19253508" lat="39.4815435" lon="-0.3426267"/>
 <node id="11179557775" visible="true" version="1" changeset="141041250" timestamp="2023-09-09T21:52:32Z" user="Saicpp" uid="19253508" lat="39.4817289" lon="-0.3431541">
  <tag k="entrance" v="yes"/>
  <tag k="level" v="0;1"/>
  <tag k="wheelchair" v="yes"/>
 </node>
 <node id="11179557776" visible="true" version="1" changeset="141041250" timestamp="2023-09-09T21:52:32Z" user="Saicpp" uid="19253508" lat="39.4817417" lon="-0.3431491"/>
 <node id="11179557778" visible="true" version="2" changeset="150710988" timestamp="2024-04-30T14:21:28Z" user="MikelCalo" uid="11126976" lat="39.4820711" lon="-0.3439549"/>
 <node id="11179557784" visible="true" version="2" changeset="150748880" timestamp="2024-05-01T12:48:55Z" user="MikelCalo" uid="11126976" lat="39.4817536" lon="-0.3431955"/>
 <node id="11179557785" visible="true" version="1" changeset="141041250" timestamp="2023-09-09T21:52:32Z" user="Saicpp" uid="19253508" lat="39.4817115" lon="-0.3430548"/>
 <node id="11179557786" visible="true" version="1" changeset="141041250" timestamp="2023-09-09T21:52:32Z" user="Saicpp" uid="19253508" lat="39.4817801" lon="-0.3430219"/>
 <node id="11179557789" visible="true" version="1" changeset="141041250" timestamp="2023-09-09T21:52:32Z" user="Saicpp" uid="19253508" lat="39.4817345" lon="-0.3431751"/>
 <node id="11179557790" visible="true" version="1" changeset="141041250" timestamp="2023-09-09T21:52:32Z" user="Saicpp" uid="19253508" lat="39.4817208" lon="-0.3431220"/>
 <node id="11179557791" visible="true" version="1" changeset="141041250" timestamp="2023-09-09T21:52:32Z" user="Saicpp" uid="19253508" lat="39.4816910" lon="-0.3431369"/>
 <node id="11179557792" visible="true" version="1" changeset="141041250" timestamp="2023-09-09T21:52:32Z" user="Saicpp" uid="19253508" lat="39.4817059" lon="-0.3431936"/>
 <node id="11179557793" visible="true" version="1" changeset="141041250" timestamp="2023-09-09T21:52:32Z" user="Saicpp" uid="19253508" lat="39.4816992" lon="-0.3431328"/>
 <node id="11179557794" visible="true" version="1" changeset="141041250" timestamp="2023-09-09T21:52:32Z" user="Saicpp" uid="19253508" lat="39.4816782" lon="-0.3430501"/>
 <node id="11179557801" visible="true" version="1" changeset="141041250" timestamp="2023-09-09T21:52:32Z" user="Saicpp" uid="19253508" lat="39.4826699" lon="-0.3427854"/>
 <node id="11179557802" visible="true" version="2" changeset="150748880" timestamp="2024-05-01T12:48:55Z" user="MikelCalo" uid="11126976" lat="39.4820215" lon="-0.3440497"/>
 <node id="11179562142" visible="true" version="1" changeset="141041250" timestamp="2023-09-09T21:52:32Z" user="Saicpp" uid="19253508" lat="39.4820702" lon="-0.3434857">
  <tag k="natural" v="tree"/>
 </node>
 <node id="11179562143" visible="true" version="1" changeset="141041250" timestamp="2023-09-09T21:52:32Z" user="Saicpp" uid="19253508" lat="39.4820469" lon="-0.3434199">
  <tag k="natural" v="tree"/>
 </node>
 <node id="11179562144" visible="true" version="1" changeset="141041250" timestamp="2023-09-09T21:52:32Z" user="Saicpp" uid="19253508" lat="39.4821831" lon="-0.3433974">
  <tag k="natural" v="tree"/>
 </node>
 <node id="11179562145" visible="true" version="1" changeset="141041250" timestamp="2023-09-09T21:52:32Z" user="Saicpp" uid="19253508" lat="39.4822332" lon="-0.3433922">
  <tag k="natural" v="tree"/>
 </node>
 <node id="11179562153" visible="true" version="1" changeset="141041250" timestamp="2023-09-09T21:52:32Z" user="Saicpp" uid="19253508" lat="39.4812227" lon="-0.3432920"/>
 <node id="11182555372" visible="true" version="3" changeset="173673535" timestamp="2025-10-23T13:06:42Z" user="Carlos244" uid="21450926" lat="39.4811018" lon="-0.3432899">
  <tag k="amenity" v="vending_machine"/>
  <tag k="check_date" v="2025-10-23"/>
  <tag k="currency:EUR" v="yes"/>
  <tag k="indoor" v="no"/>
  <tag k="payment:cash" v="yes"/>
  <tag k="payment:credit_cards" v="yes"/>
  <tag k="vending" v="coffee"/>
 </node>
 <node id="11182555379" visible="true" version="1" changeset="141094351" timestamp="2023-09-11T06:54:17Z" user="Saicpp" uid="19253508" lat="39.4821836" lon="-0.3449797"/>
 <node id="11182555380" visible="true" version="1" changeset="141094351" timestamp="2023-09-11T06:54:17Z" user="Saicpp" uid="19253508" lat="39.4828984" lon="-0.3446446"/>
 <node id="11182555381" visible="true" version="1" changeset="141094351" timestamp="2023-09-11T06:54:17Z" user="Saicpp" uid="19253508" lat="39.4825388" lon="-0.3448146"/>
 <node id="11182555384" visible="true" version="1" changeset="141094351" timestamp="2023-09-11T06:54:17Z" user="Saicpp" uid="19253508" lat="39.4824167" lon="-0.3443878"/>
 <node id="11182555386" visible="true" version="1" changeset="141094351" timestamp="2023-09-11T06:54:17Z" user="Saicpp" uid="19253508" lat="39.4824052" lon="-0.3443473"/>
 <node id="11253822452" visible="true" version="4" changeset="173100840" timestamp="2025-10-10T15:30:49Z" user="kapazao" uid="7543375" lat="39.4813866" lon="-0.3440874">
  <tag k="addr:city" v="València"/>
  <tag k="addr:housenumber" v="2G"/>
  <tag k="addr:postcode" v="46022"/>
  <tag k="addr:street" v="Camí de Vera"/>
  <tag k="amenity" v="bank"/>
  <tag k="branch" v="Oficina Av. Naranjos, s/n"/>
  <tag k="brand" v="Banco Santander"/>
  <tag k="brand:wikidata" v="Q6496310"/>
  <tag k="name" v="Banco Santander"/>
  <tag k="official_name" v="Santander Group"/>
  <tag k="opening_hours" v="Mo-Th 08:30-14:00,15:00-17:00; Fr 08:30-14:30"/>
  <tag k="operator" v="Santander"/>
  <tag k="operator:wikidata" v="Q6496310"/>
 </node>
 <node id="11253822453" visible="true" version="3" changeset="173100840" timestamp="2025-10-10T15:30:49Z" user="kapazao" uid="7543375" lat="39.4815391" lon="-0.3441475">
  <tag k="addr:city" v="València"/>
  <tag k="addr:postcode" v="46022"/>
  <tag k="addr:street" v="Camí de Vera"/>
  <tag k="addr:unit" v="2G"/>
  <tag k="amenity" v="bank"/>
  <tag k="atm" v="yes"/>
  <tag k="brand" v="Caixa d'Enginyers"/>
  <tag k="name" v="Caixa d'Enginyers"/>
  <tag k="nohousenumber" v="yes"/>
  <tag k="opening_hours" v="Mo-Th 08:30-17:00; Fr 08:30-14:00"/>
  <tag k="phone" v="+34672002752"/>
  <tag k="website" v="https://www.caixaenginyers.com/"/>
 </node>
 <node id="11734753400" visible="true" version="1" changeset="148699951" timestamp="2024-03-15T17:25:55Z" user="swaree" uid="9630374" lat="39.4821973" lon="-0.3453154">
  <tag k="artist_name" v="Emilio Martínez Arroyo"/>
  <tag k="artwork_type" v="sculpture"/>
  <tag k="material" v="steel"/>
  <tag k="name" v="Pléyades"/>
  <tag k="start_date" v="1962"/>
  <tag k="tourism" v="artwork"/>
 </node>
 <node id="11734753402" visible="true" version="1" changeset="148699951" timestamp="2024-03-15T17:25:55Z" user="swaree" uid="9630374" lat="39.4818643" lon="-0.3447285">
  <tag k="artist_name" v="Francisco Badía Plasencia"/>
  <tag k="artist:wikidata" v="Q47002280"/>
  <tag k="artwork_type" v="sculpture"/>
  <tag k="material" v="bronze"/>
  <tag k="name" v="Torero"/>
  <tag k="start_date" v="1972"/>
  <tag k="tourism" v="artwork"/>
 </node>
 <node id="11734753403" visible="true" version="1" changeset="148699951" timestamp="2024-03-15T17:25:55Z" user="swaree" uid="9630374" lat="39.4818964" lon="-0.3447172">
  <tag k="artist_name" v="Francisco Badía Plasencia"/>
  <tag k="artist:wikidata" v="Q47002280"/>
  <tag k="artwork_type" v="sculpture"/>
  <tag k="material" v="bronze"/>
  <tag k="name" v="Figura"/>
  <tag k="start_date" v="9167"/>
  <tag k="tourism" v="artwork"/>
 </node>
 <node id="11734753404" visible="true" version="1" changeset="148699951" timestamp="2024-03-15T17:25:55Z" user="swaree" uid="9630374" lat="39.4819177" lon="-0.3447529">
  <tag k="artist_name" v="Francisco Badía Plasencia"/>
  <tag k="artist:wikidata" v="Q47002280"/>
  <tag k="artwork_type" v="sculpture"/>
  <tag k="material" v="bronze"/>
  <tag k="name" v="Mujer de pie"/>
  <tag k="start_date" v="1968"/>
  <tag k="tourism" v="artwork"/>
 </node>
 <node id="11734753405" visible="true" version="1" changeset="148699951" timestamp="2024-03-15T17:25:55Z" user="swaree" uid="9630374" lat="39.4817879" lon="-0.3444572">
  <tag k="artist_name" v="Xavier Bertomeu Blay"/>
  <tag k="artwork_type" v="sculpture"/>
  <tag k="material" v="steel"/>
  <tag k="name" v="El origen de la vida"/>
  <tag k="start_date" v="2001"/>
  <tag k="tourism" v="artwork"/>
 </node>
 <node id="11734753406" visible="true" version="1" changeset="148699951" timestamp="2024-03-15T17:25:55Z" user="swaree" uid="9630374" lat="39.4819114" lon="-0.3442944">
  <tag k="artist_name" v="Joan García Ripollés"/>
  <tag k="artist:wikidata" v="Q47002280"/>
  <tag k="artwork_type" v="sculpture"/>
  <tag k="material" v="bronze"/>
  <tag k="name" v="Toro"/>
  <tag k="start_date" v="1998"/>
  <tag k="tourism" v="artwork"/>
 </node>
 <node id="11734753408" visible="true" version="1" changeset="148699951" timestamp="2024-03-15T17:25:55Z" user="swaree" uid="9630374" lat="39.4817668" lon="-0.3438618">
  <tag k="artist_name" v="Ramón de Soto Arándiga"/>
  <tag k="artist:wikidata" v="Q11944703"/>
  <tag k="artwork_type" v="sculpture"/>
  <tag k="material" v="steel"/>
  <tag k="name" v="Arquitectura del silencio"/>
  <tag k="start_date" v="1997"/>
  <tag k="tourism" v="artwork"/>
 </node>
 <node id="11734753409" visible="true" version="1" changeset="148699951" timestamp="2024-03-15T17:25:55Z" user="swaree" uid="9630374" lat="39.4813422" lon="-0.3429408">
  <tag k="artist_name" v="Miquel Navarro Navarro"/>
  <tag k="artist:wikidata" v="Q2499067"/>
  <tag k="artwork_type" v="sculpture"/>
  <tag k="material" v="steel"/>
  <tag k="name" v="Cimall"/>
  <tag k="start_date" v="1992"/>
  <tag k="tourism" v="artwork"/>
 </node>
 <node id="11734753410" visible="true" version="1" changeset="148699951" timestamp="2024-03-15T17:25:55Z" user="swaree" uid="9630374" lat="39.4813203" lon="-0.3424850">
  <tag k="artist_name" v="Julián Abril Ordiñaga"/>
  <tag k="artwork_type" v="sculpture"/>
  <tag k="name" v="Artefacto"/>
  <tag k="start_date" v="2007"/>
  <tag k="tourism" v="artwork"/>
 </node>
 <node id="11734753411" visible="true" version="1" changeset="148699951" timestamp="2024-03-15T17:25:55Z" user="swaree" uid="9630374" lat="39.4812120" lon="-0.3427918">
  <tag k="artist_name" v="Uiso Alemany Masip"/>
  <tag k="artwork_type" v="sculpture"/>
  <tag k="material" v="iron"/>
  <tag k="name" v="Tótem"/>
  <tag k="start_date" v="2002"/>
  <tag k="tourism" v="artwork"/>
 </node>
 <node id="11734753413" visible="true" version="1" changeset="148699951" timestamp="2024-03-15T17:25:55Z" user="swaree" uid="9630374" lat="39.4824197" lon="-0.3424602">
  <tag k="artist_name" v="Alfredo Llorens García"/>
  <tag k="artwork_type" v="sculpture"/>
  <tag k="material" v="iron"/>
  <tag k="name" v="Técnia"/>
  <tag k="start_date" v="1993"/>
  <tag k="tourism" v="artwork"/>
 </node>
 <node id="11734753414" visible="true" version="1" changeset="148699951" timestamp="2024-03-15T17:25:55Z" user="swaree" uid="9630374" lat="39.4826944" lon="-0.3424760">
  <tag k="artist_name" v="Salvador Alberola Martí"/>
  <tag k="artwork_type" v="sculpture"/>
  <tag k="material" v="steel"/>
  <tag k="name" v="Éter"/>
  <tag k="start_date" v="1993"/>
  <tag k="tourism" v="artwork"/>
 </node>
 <node id="11734753415" visible="true" version="1" changeset="148699951" timestamp="2024-03-15T17:25:55Z" user="swaree" uid="9630374" lat="39.4821249" lon="-0.3425174">
  <tag k="historic" v="locomotive"/>
  <tag k="name" v="Locomotora Mikado 141-F-2295"/>
 </node>
 <node id="11734753416" visible="true" version="1" changeset="148699951" timestamp="2024-03-15T17:25:55Z" user="swaree" uid="9630374" lat="39.4820391" lon="-0.3427673">
  <tag k="historic" v="machine"/>
  <tag k="name" v="Grúa ferroviaria"/>
 </node>
 <node id="11734753417" visible="true" version="1" changeset="148699951" timestamp="2024-03-15T17:25:55Z" user="swaree" uid="9630374" lat="39.4822396" lon="-0.3427524">
  <tag k="historic" v="machine"/>
  <tag k="name" v="Motor estacionario"/>
 </node>
 <node id="11869028276" visible="true" version="1" changeset="150707183" timestamp="2024-04-30T13:02:51Z" user="MikelCalo" uid="11126976" lat="39.4828164" lon="-0.3451555"/>
 <node id="11869028277" visible="true" version="1" changeset="150707183" timestamp="2024-04-30T13:02:51Z" user="MikelCalo" uid="11126976" lat="39.4827010" lon="-0.3447624"/>
 <node id="11869028278" visible="true" version="1" changeset="150707183" timestamp="2024-04-30T13:02:51Z" user="MikelCalo" uid="11126976" lat="39.4827763" lon="-0.3450191"/>
 <node id="11869028279" visible="true" version="1" changeset="150707183" timestamp="2024-04-30T13:02:51Z" user="MikelCalo" uid="11126976" lat="39.4828339" lon="-0.3449904"/>
 <node id="11869028280" visible="true" version="1" changeset="150707183" timestamp="2024-04-30T13:02:51Z" user="MikelCalo" uid="11126976" lat="39.4828537" lon="-0.3450572"/>
 <node id="11869028281" visible="true" version="1" changeset="150707183" timestamp="2024-04-30T13:02:51Z" user="MikelCalo" uid="11126976" lat="39.4828197" lon="-0.3450742"/>
 <node id="11869028282" visible="true" version="1" changeset="150707183" timestamp="2024-04-30T13:02:51Z" user="MikelCalo" uid="11126976" lat="39.4828305" lon="-0.3451107"/>
 <node id="11869028283" visible="true" version="1" changeset="150707183" timestamp="2024-04-30T13:02:51Z" user="MikelCalo" uid="11126976" lat="39.4828069" lon="-0.3451224"/>
 <node id="11869028284" visible="true" version="1" changeset="150707183" timestamp="2024-04-30T13:02:51Z" user="MikelCalo" uid="11126976" lat="39.4825864" lon="-0.3447557"/>
 <node id="11869028285" visible="true" version="1" changeset="150707183" timestamp="2024-04-30T13:02:51Z" user="MikelCalo" uid="11126976" lat="39.4827460" lon="-0.3442661"/>
 <node id="11869028286" visible="true" version="1" changeset="150707183" timestamp="2024-04-30T13:02:51Z" user="MikelCalo" uid="11126976" lat="39.4828626" lon="-0.3446615"/>
 <node id="11869028426" visible="true" version="1" changeset="150707183" timestamp="2024-04-30T13:02:51Z" user="MikelCalo" uid="11126976" lat="39.4826735" lon="-0.3442262"/>
 <node id="11869212188" visible="true" version="1" changeset="150710988" timestamp="2024-04-30T14:21:28Z" user="MikelCalo" uid="11126976" lat="39.4817157" lon="-0.3446458"/>
 <node id="11869212189" visible="true" version="1" changeset="150710988" timestamp="2024-04-30T14:21:28Z" user="MikelCalo" uid="11126976" lat="39.4816874" lon="-0.3446596"/>
 <node id="11869212190" visible="true" version="1" changeset="150710988" timestamp="2024-04-30T14:21:28Z" user="MikelCalo" uid="11126976" lat="39.4817084" lon="-0.3447314"/>
 <node id="11869212191" visible="true" version="1" changeset="150710988" timestamp="2024-04-30T14:21:28Z" user="MikelCalo" uid="11126976" lat="39.4817367" lon="-0.3447176"/>
 <node id="11869212192" visible="true" version="1" changeset="150710988" timestamp="2024-04-30T14:21:28Z" user="MikelCalo" uid="11126976" lat="39.4818502" lon="-0.3451057"/>
 <node id="11869212204" visible="true" version="1" changeset="150710988" timestamp="2024-04-30T14:21:28Z" user="MikelCalo" uid="11126976" lat="39.4816651" lon="-0.3452747"/>
 <node id="11869212205" visible="true" version="1" changeset="150710988" timestamp="2024-04-30T14:21:28Z" user="MikelCalo" uid="11126976" lat="39.4816453" lon="-0.3452052"/>
 <node id="11869212206" visible="true" version="1" changeset="150710988" timestamp="2024-04-30T14:21:28Z" user="MikelCalo" uid="11126976" lat="39.4808602" lon="-0.3434979"/>
 <node id="11869212207" visible="true" version="1" changeset="150710988" timestamp="2024-04-30T14:21:28Z" user="MikelCalo" uid="11126976" lat="39.4808315" lon="-0.3435115"/>
 <node id="11869212208" visible="true" version="1" changeset="150710988" timestamp="2024-04-30T14:21:28Z" user="MikelCalo" uid="11126976" lat="39.4808139" lon="-0.3434489"/>
 <node id="11869212209" visible="true" version="1" changeset="150710988" timestamp="2024-04-30T14:21:28Z" user="MikelCalo" uid="11126976" lat="39.4808411" lon="-0.3434356"/>
 <node id="11869212210" visible="true" version="1" changeset="150710988" timestamp="2024-04-30T14:21:28Z" user="MikelCalo" uid="11126976" lat="39.4811063" lon="-0.3449417"/>
 <node id="11869212211" visible="true" version="1" changeset="150710988" timestamp="2024-04-30T14:21:28Z" user="MikelCalo" uid="11126976" lat="39.4811271" lon="-0.3450129"/>
 <node id="11869212213" visible="true" version="1" changeset="150710988" timestamp="2024-04-30T14:21:28Z" user="MikelCalo" uid="11126976" lat="39.4810685" lon="-0.3445139"/>
 <node id="11869212214" visible="true" version="1" changeset="150710988" timestamp="2024-04-30T14:21:28Z" user="MikelCalo" uid="11126976" lat="39.4811080" lon="-0.3446469"/>
 <node id="11869212215" visible="true" version="1" changeset="150710988" timestamp="2024-04-30T14:21:28Z" user="MikelCalo" uid="11126976" lat="39.4812346" lon="-0.3445849"/>
 <node id="11869212216" visible="true" version="1" changeset="150710988" timestamp="2024-04-30T14:21:28Z" user="MikelCalo" uid="11126976" lat="39.4811956" lon="-0.3444519"/>
 <node id="11869212217" visible="true" version="1" changeset="150710988" timestamp="2024-04-30T14:21:28Z" user="MikelCalo" uid="11126976" lat="39.4815215" lon="-0.3452657"/>
 <node id="11869212218" visible="true" version="1" changeset="150710988" timestamp="2024-04-30T14:21:28Z" user="MikelCalo" uid="11126976" lat="39.4814447" lon="-0.3453032"/>
 <node id="11869212219" visible="true" version="1" changeset="150710988" timestamp="2024-04-30T14:21:28Z" user="MikelCalo" uid="11126976" lat="39.4814075" lon="-0.3451765"/>
 <node id="11869212220" visible="true" version="1" changeset="150710988" timestamp="2024-04-30T14:21:28Z" user="MikelCalo" uid="11126976" lat="39.4813741" lon="-0.3451929"/>
 <node id="11869212221" visible="true" version="1" changeset="150710988" timestamp="2024-04-30T14:21:28Z" user="MikelCalo" uid="11126976" lat="39.4813442" lon="-0.3450913"/>
 <node id="11869212222" visible="true" version="1" changeset="150710988" timestamp="2024-04-30T14:21:28Z" user="MikelCalo" uid="11126976" lat="39.4813017" lon="-0.3451123"/>
 <node id="11869212223" visible="true" version="1" changeset="150710988" timestamp="2024-04-30T14:21:28Z" user="MikelCalo" uid="11126976" lat="39.4813314" lon="-0.3452132"/>
 <node id="11869212224" visible="true" version="1" changeset="150710988" timestamp="2024-04-30T14:21:28Z" user="MikelCalo" uid="11126976" lat="39.4812821" lon="-0.3452374"/>
 <node id="11869212225" visible="true" version="1" changeset="150710988" timestamp="2024-04-30T14:21:28Z" user="MikelCalo" uid="11126976" lat="39.4813193" lon="-0.3453647"/>
 <node id="11869212237" visible="true" version="1" changeset="150710988" timestamp="2024-04-30T14:21:28Z" user="MikelCalo" uid="11126976" lat="39.4812349" lon="-0.3448793"/>
 <node id="11869212238" visible="true" version="1" changeset="150710988" timestamp="2024-04-30T14:21:28Z" user="MikelCalo" uid="11126976" lat="39.4811853" lon="-0.3449037"/>
 <node id="11869212239" visible="true" version="1" changeset="150710988" timestamp="2024-04-30T14:21:28Z" user="MikelCalo" uid="11126976" lat="39.4811482" lon="-0.3447766"/>
 <node id="11869212240" visible="true" version="1" changeset="150710988" timestamp="2024-04-30T14:21:28Z" user="MikelCalo" uid="11126976" lat="39.4811978" lon="-0.3447530"/>
 <node id="11869212241" visible="true" version="1" changeset="150710988" timestamp="2024-04-30T14:21:28Z" user="MikelCalo" uid="11126976" lat="39.4813107" lon="-0.3448416"/>
 <node id="11869212242" visible="true" version="1" changeset="150710988" timestamp="2024-04-30T14:21:28Z" user="MikelCalo" uid="11126976" lat="39.4812611" lon="-0.3448660"/>
 <node id="11869212243" visible="true" version="1" changeset="150710988" timestamp="2024-04-30T14:21:28Z" user="MikelCalo" uid="11126976" lat="39.4812240" lon="-0.3447389"/>
 <node id="11869212244" visible="true" version="1" changeset="150710988" timestamp="2024-04-30T14:21:28Z" user="MikelCalo" uid="11126976" lat="39.4812736" lon="-0.3447153"/>
 <node id="11869212245" visible="true" version="1" changeset="150710988" timestamp="2024-04-30T14:21:28Z" user="MikelCalo" uid="11126976" lat="39.4814364" lon="-0.3447806"/>
 <node id="11869212246" visible="true" version="1" changeset="150710988" timestamp="2024-04-30T14:21:28Z" user="MikelCalo" uid="11126976" lat="39.4813864" lon="-0.3448051"/>
 <node id="11869212247" visible="true" version="1" changeset="150710988" timestamp="2024-04-30T14:21:28Z" user="MikelCalo" uid="11126976" lat="39.4813488" lon="-0.3446761"/>
 <node id="11869212248" visible="true" version="1" changeset="150710988" timestamp="2024-04-30T14:21:28Z" user="MikelCalo" uid="11126976" lat="39.4813987" lon="-0.3446516"/>
 <node id="11869212249" visible="true" version="1" changeset="150710988" timestamp="2024-04-30T14:21:28Z" user="MikelCalo" uid="11126976" lat="39.4815714" lon="-0.3452413"/>
 <node id="11869212250" visible="true" version="1" changeset="150710988" timestamp="2024-04-30T14:21:28Z" user="MikelCalo" uid="11126976" lat="39.4812907" lon="-0.3444776"/>
 <node id="11869212251" visible="true" version="1" changeset="150710988" timestamp="2024-04-30T14:21:28Z" user="MikelCalo" uid="11126976" lat="39.4813418" lon="-0.3444526"/>
 <node id="11869212252" visible="true" version="1" changeset="150710988" timestamp="2024-04-30T14:21:28Z" user="MikelCalo" uid="11126976" lat="39.4816945" lon="-0.3448830"/>
 <node id="11869212253" visible="true" version="1" changeset="150710988" timestamp="2024-04-30T14:21:28Z" user="MikelCalo" uid="11126976" lat="39.4816449" lon="-0.3449074"/>
 <node id="11869212254" visible="true" version="1" changeset="150710988" timestamp="2024-04-30T14:21:28Z" user="MikelCalo" uid="11126976" lat="39.4816078" lon="-0.3447803"/>
 <node id="11869212255" visible="true" version="1" changeset="150710988" timestamp="2024-04-30T14:21:28Z" user="MikelCalo" uid="11126976" lat="39.4816575" lon="-0.3447567"/>
 <node id="11869212256" visible="true" version="1" changeset="150710988" timestamp="2024-04-30T14:21:28Z" user="MikelCalo" uid="11126976" lat="39.4816227" lon="-0.3449177"/>
 <node id="11869212257" visible="true" version="1" changeset="150710988" timestamp="2024-04-30T14:21:28Z" user="MikelCalo" uid="11126976" lat="39.4815731" lon="-0.3449421"/>
 <node id="11869212258" visible="true" version="1" changeset="150710988" timestamp="2024-04-30T14:21:28Z" user="MikelCalo" uid="11126976" lat="39.4815360" lon="-0.3448150"/>
 <node id="11869212259" visible="true" version="1" changeset="150710988" timestamp="2024-04-30T14:21:28Z" user="MikelCalo" uid="11126976" lat="39.4815856" lon="-0.3447914"/>
 <node id="11869212260" visible="true" version="1" changeset="150710988" timestamp="2024-04-30T14:21:28Z" user="MikelCalo" uid="11126976" lat="39.4816358" lon="-0.3446843"/>
 <node id="11869212261" visible="true" version="1" changeset="150710988" timestamp="2024-04-30T14:21:28Z" user="MikelCalo" uid="11126976" lat="39.4815862" lon="-0.3447086"/>
 <node id="11869212262" visible="true" version="1" changeset="150710988" timestamp="2024-04-30T14:21:28Z" user="MikelCalo" uid="11126976" lat="39.4815491" lon="-0.3445816"/>
 <node id="11869212263" visible="true" version="1" changeset="150710988" timestamp="2024-04-30T14:21:28Z" user="MikelCalo" uid="11126976" lat="39.4815987" lon="-0.3445579"/>
 <node id="11869212264" visible="true" version="1" changeset="150710988" timestamp="2024-04-30T14:21:28Z" user="MikelCalo" uid="11126976" lat="39.4815639" lon="-0.3447190"/>
 <node id="11869212265" visible="true" version="1" changeset="150710988" timestamp="2024-04-30T14:21:28Z" user="MikelCalo" uid="11126976" lat="39.4815143" lon="-0.3447434"/>
 <node id="11869212266" visible="true" version="1" changeset="150710988" timestamp="2024-04-30T14:21:28Z" user="MikelCalo" uid="11126976" lat="39.4814772" lon="-0.3446163"/>
 <node id="11869212267" visible="true" version="1" changeset="150710988" timestamp="2024-04-30T14:21:28Z" user="MikelCalo" uid="11126976" lat="39.4815269" lon="-0.3445926"/>
 <node id="11869212268" visible="true" version="1" changeset="150710988" timestamp="2024-04-30T14:21:28Z" user="MikelCalo" uid="11126976" lat="39.4813227" lon="-0.3443899"/>
 <node id="11869220969" visible="true" version="1" changeset="150710988" timestamp="2024-04-30T14:21:28Z" user="MikelCalo" uid="11126976" lat="39.4816070" lon="-0.3450740"/>
 <node id="11869220970" visible="true" version="1" changeset="150710988" timestamp="2024-04-30T14:21:28Z" user="MikelCalo" uid="11126976" lat="39.4817393" lon="-0.3450105"/>
 <node id="11869220971" visible="true" version="1" changeset="150710988" timestamp="2024-04-30T14:21:28Z" user="MikelCalo" uid="11126976" lat="39.4817775" lon="-0.3451405"/>
 <node id="11869220972" visible="true" version="1" changeset="150710988" timestamp="2024-04-30T14:21:28Z" user="MikelCalo" uid="11126976" lat="39.4816863" lon="-0.3447408"/>
 <node id="11869220973" visible="true" version="1" changeset="150710988" timestamp="2024-04-30T14:21:28Z" user="MikelCalo" uid="11126976" lat="39.4816657" lon="-0.3446691"/>
 <node id="11869220974" visible="true" version="2" changeset="150748880" timestamp="2024-05-01T12:48:55Z" user="MikelCalo" uid="11126976" lat="39.4812543" lon="-0.3443503"/>
 <node id="11869220975" visible="true" version="2" changeset="150748880" timestamp="2024-05-01T12:48:55Z" user="MikelCalo" uid="11126976" lat="39.4813102" lon="-0.3443229"/>
 <node id="11869220976" visible="true" version="1" changeset="150710988" timestamp="2024-04-30T14:21:28Z" user="MikelCalo" uid="11126976" lat="39.4815481" lon="-0.3442802"/>
 <node id="11869220977" visible="true" version="1" changeset="150710988" timestamp="2024-04-30T14:21:28Z" user="MikelCalo" uid="11126976" lat="39.4815451" lon="-0.3442688"/>
 <node id="11869220978" visible="true" version="1" changeset="150710988" timestamp="2024-04-30T14:21:28Z" user="MikelCalo" uid="11126976" lat="39.4820186" lon="-0.3440386"/>
 <node id="11869220981" visible="true" version="1" changeset="150710988" timestamp="2024-04-30T14:21:28Z" user="MikelCalo" uid="11126976" lat="39.4815822" lon="-0.3442009"/>
 <node id="11869220982" visible="true" version="1" changeset="150710988" timestamp="2024-04-30T14:21:28Z" user="MikelCalo" uid="11126976" lat="39.4815796" lon="-0.3441915"/>
 <node id="11869220983" visible="true" version="1" changeset="150710988" timestamp="2024-04-30T14:21:28Z" user="MikelCalo" uid="11126976" lat="39.4819640" lon="-0.3440157"/>
 <node id="11869220984" visible="true" version="2" changeset="150748880" timestamp="2024-05-01T12:48:55Z" user="MikelCalo" uid="11126976" lat="39.4822375" lon="-0.3438740"/>
 <node id="11869220985" visible="true" version="1" changeset="150710988" timestamp="2024-04-30T14:21:28Z" user="MikelCalo" uid="11126976" lat="39.4812850" lon="-0.3439662"/>
 <node id="11869220986" visible="true" version="2" changeset="150748880" timestamp="2024-05-01T12:48:55Z" user="MikelCalo" uid="11126976" lat="39.4812157" lon="-0.3439993"/>
 <node id="11869220987" visible="true" version="1" changeset="150710988" timestamp="2024-04-30T14:21:28Z" user="MikelCalo" uid="11126976" lat="39.4813221" lon="-0.3440926"/>
 <node id="11869220988" visible="true" version="2" changeset="150748880" timestamp="2024-05-01T12:48:55Z" user="MikelCalo" uid="11126976" lat="39.4812530" lon="-0.3441269"/>
 <node id="11869220989" visible="true" version="2" changeset="150748880" timestamp="2024-05-01T12:48:55Z" user="MikelCalo" uid="11126976" lat="39.4812729" lon="-0.3441952"/>
 <node id="11869220990" visible="true" version="1" changeset="150710988" timestamp="2024-04-30T14:21:28Z" user="MikelCalo" uid="11126976" lat="39.4813424" lon="-0.3441617"/>
 <node id="11869220991" visible="true" version="1" changeset="150710988" timestamp="2024-04-30T14:21:28Z" user="MikelCalo" uid="11126976" lat="39.4811378" lon="-0.3437348"/>
 <node id="11869220992" visible="true" version="1" changeset="150710988" timestamp="2024-04-30T14:21:28Z" user="MikelCalo" uid="11126976" lat="39.4812071" lon="-0.3437012"/>
 <node id="11869220993" visible="true" version="2" changeset="150748880" timestamp="2024-05-01T12:48:55Z" user="MikelCalo" uid="11126976" lat="39.4811397" lon="-0.3439576"/>
 <node id="11869220994" visible="true" version="1" changeset="150710988" timestamp="2024-04-30T14:21:28Z" user="MikelCalo" uid="11126976" lat="39.4811030" lon="-0.3438298"/>
 <node id="11869221015" visible="true" version="1" changeset="150710988" timestamp="2024-04-30T14:21:28Z" user="MikelCalo" uid="11126976" lat="39.4809439" lon="-0.3445748"/>
 <node id="11869221020" visible="true" version="1" changeset="150710988" timestamp="2024-04-30T14:21:28Z" user="MikelCalo" uid="11126976" lat="39.4808519" lon="-0.3441722"/>
 <node id="11869221021" visible="true" version="1" changeset="150710988" timestamp="2024-04-30T14:21:28Z" user="MikelCalo" uid="11126976" lat="39.4808772" lon="-0.3441605"/>
 <node id="11869221022" visible="true" version="1" changeset="150710988" timestamp="2024-04-30T14:21:28Z" user="MikelCalo" uid="11126976" lat="39.4808321" lon="-0.3441071"/>
 <node id="11869221023" visible="true" version="1" changeset="150710988" timestamp="2024-04-30T14:21:28Z" user="MikelCalo" uid="11126976" lat="39.4808741" lon="-0.3441498"/>
 <node id="11869221024" visible="true" version="1" changeset="150710988" timestamp="2024-04-30T14:21:28Z" user="MikelCalo" uid="11126976" lat="39.4809236" lon="-0.3441247"/>
 <node id="11869221025" visible="true" version="1" changeset="150710988" timestamp="2024-04-30T14:21:28Z" user="MikelCalo" uid="11126976" lat="39.4809268" lon="-0.3441364"/>
 <node id="11869221026" visible="true" version="2" changeset="150748880" timestamp="2024-05-01T12:48:55Z" user="MikelCalo" uid="11126976" lat="39.4811591" lon="-0.3440240"/>
 <node id="11869221027" visible="true" version="1" changeset="150710988" timestamp="2024-04-30T14:21:28Z" user="MikelCalo" uid="11126976" lat="39.4811495" lon="-0.3435053"/>
 <node id="11869221028" visible="true" version="1" changeset="150710988" timestamp="2024-04-30T14:21:28Z" user="MikelCalo" uid="11126976" lat="39.4810805" lon="-0.3435390"/>
 <node id="11869221029" visible="true" version="1" changeset="150710988" timestamp="2024-04-30T14:21:28Z" user="MikelCalo" uid="11126976" lat="39.4811218" lon="-0.3433708"/>
 <node id="11869221030" visible="true" version="1" changeset="150710988" timestamp="2024-04-30T14:21:28Z" user="MikelCalo" uid="11126976" lat="39.4811409" lon="-0.3434357"/>
 <node id="11869221032" visible="true" version="1" changeset="150710988" timestamp="2024-04-30T14:21:28Z" user="MikelCalo" uid="11126976" lat="39.4807629" lon="-0.3437683"/>
 <node id="11869221033" visible="true" version="1" changeset="150710988" timestamp="2024-04-30T14:21:28Z" user="MikelCalo" uid="11126976" lat="39.4807962" lon="-0.3439799"/>
 <node id="11869221034" visible="true" version="1" changeset="150710988" timestamp="2024-04-30T14:21:28Z" user="MikelCalo" uid="11126976" lat="39.4807748" lon="-0.3439088"/>
 <node id="11869221035" visible="true" version="1" changeset="150710988" timestamp="2024-04-30T14:21:28Z" user="MikelCalo" uid="11126976" lat="39.4807802" lon="-0.3439060"/>
 <node id="11869221036" visible="true" version="1" changeset="150710988" timestamp="2024-04-30T14:21:28Z" user="MikelCalo" uid="11126976" lat="39.4807623" lon="-0.3438426"/>
 <node id="11869221037" visible="true" version="1" changeset="150710988" timestamp="2024-04-30T14:21:28Z" user="MikelCalo" uid="11126976" lat="39.4807818" lon="-0.3438328"/>
 <node id="11869221038" visible="true" version="1" changeset="150710988" timestamp="2024-04-30T14:21:28Z" user="MikelCalo" uid="11126976" lat="39.4808211" lon="-0.3439677"/>
 <node id="11869221039" visible="true" version="1" changeset="150710988" timestamp="2024-04-30T14:21:28Z" user="MikelCalo" uid="11126976" lat="39.4808581" lon="-0.3440945"/>
 <node id="11871740248" visible="true" version="1" changeset="150748880" timestamp="2024-05-01T12:48:55Z" user="MikelCalo" uid="11126976" lat="39.4834977" lon="-0.3442221"/>
 <node id="11871744770" visible="true" version="1" changeset="150748880" timestamp="2024-05-01T12:48:55Z" user="MikelCalo" uid="11126976" lat="39.4833482" lon="-0.3437927"/>
 <node id="11871744771" visible="true" version="1" changeset="150748880" timestamp="2024-05-01T12:48:55Z" user="MikelCalo" uid="11126976" lat="39.4833657" lon="-0.3438527"/>
 <node id="11871744772" visible="true" version="1" changeset="150748880" timestamp="2024-05-01T12:48:55Z" user="MikelCalo" uid="11126976" lat="39.4833814" lon="-0.3438450"/>
 <node id="11871744773" visible="true" version="1" changeset="150748880" timestamp="2024-05-01T12:48:55Z" user="MikelCalo" uid="11126976" lat="39.4833640" lon="-0.3437851"/>
 <node id="11871744774" visible="true" version="1" changeset="150748880" timestamp="2024-05-01T12:48:55Z" user="MikelCalo" uid="11126976" lat="39.4835145" lon="-0.3443615"/>
 <node id="11871744775" visible="true" version="1" changeset="150748880" timestamp="2024-05-01T12:48:55Z" user="MikelCalo" uid="11126976" lat="39.4836309" lon="-0.3447607"/>
 <node id="11871744776" visible="true" version="1" changeset="150748880" timestamp="2024-05-01T12:48:55Z" user="MikelCalo" uid="11126976" lat="39.4836469" lon="-0.3447528"/>
 <node id="11871744777" visible="true" version="1" changeset="150748880" timestamp="2024-05-01T12:48:55Z" user="MikelCalo" uid="11126976" lat="39.4835304" lon="-0.3443537"/>
 <node id="11871744780" visible="true" version="1" changeset="150748880" timestamp="2024-05-01T12:48:55Z" user="MikelCalo" uid="11126976" lat="39.4837114" lon="-0.3450369"/>
 <node id="11871744781" visible="true" version="1" changeset="150748880" timestamp="2024-05-01T12:48:55Z" user="MikelCalo" uid="11126976" lat="39.4835057" lon="-0.3451367"/>
 <node id="11871744782" visible="true" version="1" changeset="150748880" timestamp="2024-05-01T12:48:55Z" user="MikelCalo" uid="11126976" lat="39.4834329" lon="-0.3440830"/>
 <node id="11871744784" visible="true" version="1" changeset="150748880" timestamp="2024-05-01T12:48:55Z" user="MikelCalo" uid="11126976" lat="39.4831761" lon="-0.3434882"/>
 <node id="11871744785" visible="true" version="1" changeset="150748880" timestamp="2024-05-01T12:48:55Z" user="MikelCalo" uid="11126976" lat="39.4832980" lon="-0.3441489"/>
 <node id="11871744786" visible="true" version="1" changeset="150748880" timestamp="2024-05-01T12:48:55Z" user="MikelCalo" uid="11126976" lat="39.4831139" lon="-0.3435186"/>
 <node id="11871744787" visible="true" version="1" changeset="150748880" timestamp="2024-05-01T12:48:55Z" user="MikelCalo" uid="11126976" lat="39.4832266" lon="-0.3441841"/>
 <node id="11871744792" visible="true" version="1" changeset="150748880" timestamp="2024-05-01T12:48:55Z" user="MikelCalo" uid="11126976" lat="39.4829059" lon="-0.3445057"/>
 <node id="11871744797" visible="true" version="1" changeset="150748880" timestamp="2024-05-01T12:48:55Z" user="MikelCalo" uid="11126976" lat="39.4827611" lon="-0.3436889"/>
 <node id="11871744798" visible="true" version="1" changeset="150748880" timestamp="2024-05-01T12:48:55Z" user="MikelCalo" uid="11126976" lat="39.4827430" lon="-0.3436267"/>
 <node id="11871744799" visible="true" version="1" changeset="150748880" timestamp="2024-05-01T12:48:55Z" user="MikelCalo" uid="11126976" lat="39.4827708" lon="-0.3436131"/>
 <node id="11871744800" visible="true" version="1" changeset="150748880" timestamp="2024-05-01T12:48:55Z" user="MikelCalo" uid="11126976" lat="39.4827890" lon="-0.3436753"/>
 <node id="11871744801" visible="true" version="1" changeset="150748880" timestamp="2024-05-01T12:48:55Z" user="MikelCalo" uid="11126976" lat="39.4828487" lon="-0.3431989"/>
 <node id="11871744802" visible="true" version="1" changeset="150748880" timestamp="2024-05-01T12:48:55Z" user="MikelCalo" uid="11126976" lat="39.4828007" lon="-0.3432226"/>
 <node id="11871744803" visible="true" version="1" changeset="150748880" timestamp="2024-05-01T12:48:55Z" user="MikelCalo" uid="11126976" lat="39.4823509" lon="-0.3440405"/>
 <node id="12175766984" visible="true" version="1" changeset="156592061" timestamp="2024-09-13T23:12:42Z" user="VLD305" uid="17321437" lat="39.4829540" lon="-0.3410134"/>
 <node id="13255656433" visible="true" version="1" changeset="173750557" timestamp="2025-10-25T10:53:38Z" user="Carlos244" uid="21450926" lat="39.4826701" lon="-0.3442117">
  <tag k="amenity" v="waste_basket"/>
  <tag k="waste" v="trash"/>
 </node>
 <node id="13264744205" visible="true" version="1" changeset="173876420" timestamp="2025-10-28T10:30:07Z" user="Carlos244" uid="21450926" lat="39.4829010" lon="-0.3443580">
  <tag k="amenity" v="waste_basket"/>
  <tag k="waste" v="trash"/>
 </node>
 <node id="13296301155" visible="true" version="1" changeset="174501298" timestamp="2025-11-11T09:39:05Z" user="kauron" uid="5765821" lat="39.4814454" lon="-0.3442206">
  <tag k="name" v="EMT Valencia"/>
  <tag k="office" v="yes"/>
 </node>
 <node id="13333444479" visible="true" version="2" changeset="175149041" timestamp="2025-11-26T11:02:54Z" user="Arnau Mora" uid="5365869" lat="39.4811831" lon="-0.3423683">
  <tag k="amenity" v="waste_basket"/>
  <tag k="material" v="plastic"/>
  <tag k="waste" v="mixed;plastic;paper;organic"/>
 </node>
 <node id="13333502858" visible="true" version="1" changeset="175148230" timestamp="2025-11-26T10:42:11Z" user="Arnau Mora" uid="5365869" lat="39.4814717" lon="-0.3430803">
  <tag k="amenity" v="waste_basket"/>
 </node>
 <node id="13333508832" visible="true" version="1" changeset="175148230" timestamp="2025-11-26T10:42:11Z" user="Arnau Mora" uid="5365869" lat="39.4814677" lon="-0.3430686">
  <tag k="amenity" v="waste_basket"/>
 </node>
 <node id="13333510796" visible="true" version="1" changeset="175148230" timestamp="2025-11-26T10:42:11Z" user="Arnau Mora" uid="5365869" lat="39.4814639" lon="-0.3430646">
  <tag k="amenity" v="waste_basket"/>
 </node>
 <node id="13333511088" visible="true" version="1" changeset="175148230" timestamp="2025-11-26T10:42:11Z" user="Arnau Mora" uid="5365869" lat="39.4814768" lon="-0.3430948">
  <tag k="amenity" v="waste_basket"/>
 </node>
 <node id="13333518759" visible="true" version="2" changeset="175149041" timestamp="2025-11-26T11:02:54Z" user="Arnau Mora" uid="5365869" lat="39.4814499" lon="-0.3426370">
  <tag k="amenity" v="waste_basket"/>
  <tag k="material" v="plastic"/>
  <tag k="waste" v="mixed;plastic;organic;paper"/>
 </node>
 <node id="13333524501" visible="true" version="1" changeset="175148230" timestamp="2025-11-26T10:42:13Z" user="Arnau Mora" uid="5365869" lat="39.4811667" lon="-0.3421131">
  <tag k="amenity" v="bench"/>
 </node>
 <node id="13568381540" visible="true" version="1" changeset="178602704" timestamp="2026-02-15T22:44:12Z" user="Víctor64" uid="11883673" lat="39.4816958" lon="-0.3431210">
  <tag k="amenity" v="atm"/>
  <tag k="brand" v="Banco Sabadell"/>
  <tag k="brand:ca" v="Banc Sabadell"/>
  <tag k="brand:es" v="Banco Sabadell"/>
  <tag k="brand:wikidata" v="Q762330"/>
  <tag k="covered" v="yes"/>
  <tag k="operator" v="Banco Sabadell"/>
  <tag k="operator:wikidata" v="Q762330"/>
 </node>
 <node id="14183863856" visible="true" version="1" changeset="189084037" timestamp="2026-09-15T21:56:36Z" user="Loram" uid="6332703" lat="39.4818924" lon="-0.3434597"/>
 <node id="14183863857" visible="true" version="1" changeset="189084037" timestamp="2026-09-15T21:56:36Z" user="Loram" uid="6332703" lat="39.4818141" lon="-0.3431924"/>
 <node id="14183863858" visible="true" version="1" changeset="189084037" timestamp="2026-09-15T21:56:36Z" user="Loram" uid="6332703" lat="39.4817309" lon="-0.3432332"/>
 <node id="14183863859" visible="true" version="1" changeset="189084037" timestamp="2026-09-15T21:56:36Z" user="Loram" uid="6332703" lat="39.4818093" lon="-0.3435006"/>
 <node id="14183863860" visible="true" version="1" changeset="189084037" timestamp="2026-09-15T21:56:36Z" user="Loram" uid="6332703" lat="39.4819995" lon="-0.3438561"/>
 <node id="14183863861" visible="true" version="1" changeset="189084037" timestamp="2026-09-15T21:56:36Z" user="Loram" uid="6332703" lat="39.4819226" lon="-0.3435670"/>
 <node id="14183863862" visible="true" version="1" changeset="189084037" timestamp="2026-09-15T21:56:36Z" user="Loram" uid="6332703" lat="39.4818385" lon="-0.3436045"/>
 <node id="14183863863" visible="true" version="1" changeset="189084037" timestamp="2026-09-15T21:56:36Z" user="Loram" uid="6332703" lat="39.4819154" lon="-0.3438937"/>
 <way id="23389260" visible="true" version="7" changeset="150707183" timestamp="2024-04-30T13:02:51Z" user="MikelCalo" uid="11126976">
  <nd ref="253243587"/>
  <nd ref="11869028276"/>
  <nd ref="253243591"/>
  <nd ref="253243592"/>
  <nd ref="11869028277"/>
  <nd ref="253243593"/>
  <nd ref="253243587"/>
  <tag k="addr:city" v="València"/>
  <tag k="addr:postcode" v="46022"/>
  <tag k="building" v="university"/>
  <tag k="name" v="3F"/>
  <tag k="name:ca" v="3F"/>
  <tag k="operator" v="Universitat Politècnica de València"/>
 </way>
 <way id="23389265" visible="true" version="8" changeset="130470506" timestamp="2022-12-25T00:47:18Z" user="jmaspons" uid="11725140">
  <nd ref="253243642"/>
  <nd ref="7528992414"/>
  <nd ref="253243643"/>
  <nd ref="253243648"/>
  <nd ref="253243649"/>
  <nd ref="253243642"/>
  <tag k="addr:city" v="València"/>
  <tag k="addr:postcode" v="46022"/>
  <tag k="building" v="university"/>
  <tag k="building:levels" v="2"/>
  <tag k="name" v="5L"/>
  <tag k="name:ca" v="5L"/>
  <tag k="operator" v="Universitat Politècnica de València"/>
 </way>
 <way id="23389266" visible="true" version="6" changeset="130470506" timestamp="2022-12-25T00:47:19Z" user="jmaspons" uid="11725140">
  <nd ref="253243650"/>
  <nd ref="253243651"/>
  <nd ref="253243652"/>
  <nd ref="253243653"/>
  <nd ref="253243650"/>
  <tag k="addr:city" v="València"/>
  <tag k="addr:postcode" v="46022"/>
  <tag k="building" v="university"/>
  <tag k="name" v="5M"/>
  <tag k="name:ca" v="5M"/>
  <tag k="operator" v="Universitat Politècnica de València"/>
 </way>
 <way id="23389268" visible="true" version="9" changeset="130470506" timestamp="2022-12-25T00:47:17Z" user="jmaspons" uid="11725140">
  <nd ref="253243658"/>
  <nd ref="7529116234"/>
  <nd ref="253243659"/>
  <nd ref="253243660"/>
  <nd ref="7529116235"/>
  <nd ref="253243661"/>
  <nd ref="253243658"/>
  <tag k="addr:city" v="València"/>
  <tag k="addr:housenumber" v="5K"/>
  <tag k="addr:postcode" v="46022"/>
  <tag k="addr:street" v="Camí de Vera"/>
  <tag k="building" v="university"/>
  <tag k="name" v="5K"/>
  <tag k="name:ca" v="5K"/>
  <tag k="operator" v="Universitat Politècnica de València"/>
 </way>
 <way id="23389269" visible="true" version="9" changeset="130470506" timestamp="2022-12-25T00:47:12Z" user="jmaspons" uid="11725140">
  <nd ref="253243662"/>
  <nd ref="253243669"/>
  <nd ref="253243670"/>
  <nd ref="253243671"/>
  <nd ref="253243662"/>
  <tag k="addr:city" v="València"/>
  <tag k="addr:housenumber" v="5G"/>
  <tag k="addr:postcode" v="46022"/>
  <tag k="addr:street" v="Camí de Vera"/>
  <tag k="building" v="university"/>
  <tag k="name" v="5G"/>
  <tag k="name:ca" v="5G"/>
  <tag k="operator" v="Universitat Politècnica de València"/>
 </way>
 <way id="23389270" visible="true" version="10" changeset="130470506" timestamp="2022-12-25T00:47:15Z" user="jmaspons" uid="11725140">
  <nd ref="253243672"/>
  <nd ref="7529359365"/>
  <nd ref="253243674"/>
  <nd ref="253243675"/>
  <nd ref="7528992413"/>
  <nd ref="253243672"/>
  <tag k="addr:city" v="València"/>
  <tag k="addr:housenumber" v="5I"/>
  <tag k="addr:postcode" v="46022"/>
  <tag k="addr:street" v="Camí de Vera"/>
  <tag k="building" v="university"/>
  <tag k="building:levels" v="2"/>
  <tag k="name" v="5I"/>
  <tag k="name:ca" v="5I"/>
  <tag k="operator" v="Universitat Politècnica de València"/>
 </way>
 <way id="23389271" visible="true" version="9" changeset="150748880" timestamp="2024-05-01T12:48:55Z" user="MikelCalo" uid="11126976">
  <nd ref="253243676"/>
  <nd ref="253243677"/>
  <nd ref="253243678"/>
  <nd ref="11871744797"/>
  <nd ref="11871744798"/>
  <nd ref="11871744799"/>
  <nd ref="11871744800"/>
  <nd ref="253243679"/>
  <nd ref="253243676"/>
  <tag k="addr:city" v="València"/>
  <tag k="addr:postcode" v="46022"/>
  <tag k="building" v="university"/>
  <tag k="name" v="3I"/>
  <tag k="name:ca" v="3I"/>
 </way>
 <way id="23389273" visible="true" version="11" changeset="147165428" timestamp="2024-02-07T08:26:54Z" user="kapazao_import" uid="8770019">
  <nd ref="253243686"/>
  <nd ref="7527101619"/>
  <nd ref="253243687"/>
  <nd ref="11179557761"/>
  <nd ref="253243688"/>
  <nd ref="7527101621"/>
  <nd ref="253243689"/>
  <nd ref="253243686"/>
  <tag k="addr:city" v="València"/>
  <tag k="addr:postcode" v="46022"/>
  <tag k="alt_name" v="Dept. Electrical Engineering"/>
  <tag k="building" v="university"/>
  <tag k="building:levels" v="4"/>
  <tag k="name" v="5E"/>
  <tag k="operator" v="Universitat Politècnica de València"/>
 </way>
 <way id="23389274" visible="true" version="14" changeset="150710988" timestamp="2024-04-30T14:21:28Z" user="MikelCalo" uid="11126976">
  <nd ref="253243701"/>
  <nd ref="11869212213"/>
  <nd ref="11869212216"/>
  <nd ref="253243693"/>
  <nd ref="11869212268"/>
  <nd ref="11869220976"/>
  <nd ref="253243694"/>
  <nd ref="11869212188"/>
  <nd ref="11869212189"/>
  <nd ref="11869212190"/>
  <nd ref="11869212191"/>
  <nd ref="11869212192"/>
  <nd ref="253243695"/>
  <nd ref="11869212204"/>
  <nd ref="253243690"/>
  <nd ref="1958714207"/>
  <nd ref="11869212211"/>
  <nd ref="11869212210"/>
  <nd ref="253243701"/>
 </way>
 <way id="23389279" visible="true" version="8" changeset="131015832" timestamp="2023-01-08T13:54:47Z" user="Jordi MF" uid="8278438">
  <nd ref="253243713"/>
  <nd ref="1958837788"/>
  <nd ref="253243714"/>
  <nd ref="253243715"/>
  <nd ref="253243717"/>
  <nd ref="253243718"/>
  <nd ref="253243719"/>
  <nd ref="1958837792"/>
  <nd ref="253243998"/>
  <nd ref="253243997"/>
  <nd ref="256604797"/>
  <nd ref="10162002120"/>
  <nd ref="10162002121"/>
  <nd ref="253243713"/>
  <tag k="building" v="yes"/>
  <tag k="name" v="4L"/>
 </way>
 <way id="23389332" visible="true" version="11" changeset="164716772" timestamp="2025-04-09T10:15:42Z" user="Nudlemaps" uid="22726072">
  <nd ref="253243976"/>
  <nd ref="253243977"/>
  <nd ref="253243978"/>
  <nd ref="253243979"/>
  <nd ref="253243976"/>
  <tag k="description" v="Campo de fútbol y fútbol 7"/>
  <tag k="leisure" v="pitch"/>
  <tag k="lit" v="yes"/>
  <tag k="sport" v="soccer"/>
  <tag k="surface" v="grass"/>
 </way>
 <way id="23389334" visible="true" version="8" changeset="150707183" timestamp="2024-04-30T13:02:51Z" user="MikelCalo" uid="11126976">
  <nd ref="253243984"/>
  <nd ref="11869028284"/>
  <nd ref="253243985"/>
  <nd ref="253243986"/>
  <nd ref="253243987"/>
  <nd ref="1621881701"/>
  <nd ref="253243984"/>
  <tag k="landuse" v="grass"/>
 </way>
 <way id="23698470" visible="true" version="7" changeset="148699951" timestamp="2024-03-15T17:25:55Z" user="swaree" uid="9630374">
  <nd ref="1958716526"/>
  <nd ref="10076557369"/>
  <nd ref="11734753400"/>
  <nd ref="256604841"/>
  <nd ref="256604842"/>
  <nd ref="429843134"/>
  <tag k="highway" v="footway"/>
  <tag k="source" v="Yahoo"/>
  <tag k="surface" v="concrete"/>
 </way>
 <way id="23698472" visible="true" version="3" changeset="10613673" timestamp="2012-02-07T17:28:13Z" user="rubensd" uid="472193">
  <nd ref="1621881659"/>
  <nd ref="256604842"/>
  <nd ref="1621881666"/>
  <tag k="highway" v="footway"/>
  <tag k="source" v="Yahoo"/>
 </way>
 <way id="23698473" visible="true" version="4" changeset="161230613" timestamp="2025-01-11T08:55:15Z" user="Arnau Mora" uid="5365869">
  <nd ref="429843135"/>
  <nd ref="256604802"/>
  <nd ref="1621881661"/>
  <tag k="highway" v="footway"/>
  <tag k="source" v="Yahoo"/>
  <tag k="surface" v="concrete"/>
 </way>
 <way id="23698474" visible="true" version="5" changeset="161230613" timestamp="2025-01-11T08:54:48Z" user="Arnau Mora" uid="5365869">
  <nd ref="1958837776"/>
  <nd ref="256604797"/>
  <tag k="highway" v="footway"/>
  <tag k="layer" v="-1"/>
  <tag k="source" v="Yahoo"/>
  <tag k="surface" v="paving_stones"/>
  <tag k="tunnel" v="yes"/>
 </way>
 <way id="23698475" visible="true" version="5" changeset="161230613" timestamp="2025-01-11T08:55:17Z" user="Arnau Mora" uid="5365869">
  <nd ref="1621881646"/>
  <nd ref="256604801"/>
  <nd ref="256604802"/>
  <nd ref="1621881696"/>
  <nd ref="256604800"/>
  <nd ref="1956841556"/>
  <tag k="highway" v="footway"/>
  <tag k="source" v="Yahoo"/>
  <tag k="surface" v="concrete"/>
 </way>
 <way id="23698476" visible="true" version="6" changeset="161242956" timestamp="2025-01-11T15:16:27Z" user="Arnau Mora" uid="5365869">
  <nd ref="1621881692"/>
  <nd ref="256604812"/>
  <nd ref="256604811"/>
  <nd ref="429843181"/>
  <nd ref="1958874100"/>
  <tag k="highway" v="footway"/>
  <tag k="source" v="Yahoo"/>
  <tag k="surface" v="concrete"/>
 </way>
 <way id="23698477" visible="true" version="5" changeset="161242956" timestamp="2025-01-11T15:16:08Z" user="Arnau Mora" uid="5365869">
  <nd ref="1958874174"/>
  <nd ref="256604805"/>
  <nd ref="256604808"/>
  <nd ref="256604813"/>
  <nd ref="1958874151"/>
  <tag k="highway" v="footway"/>
  <tag k="source" v="Yahoo"/>
  <tag k="surface" v="concrete"/>
 </way>
 <way id="23698478" visible="true" version="7" changeset="172694130" timestamp="2025-10-01T08:25:32Z" user="Carlos244" uid="21450926">
  <nd ref="256604808"/>
  <nd ref="1621881646"/>
  <tag k="highway" v="footway"/>
  <tag k="source" v="Yahoo"/>
  <tag k="surface" v="concrete"/>
 </way>
 <way id="23698479" visible="true" version="6" changeset="161242956" timestamp="2025-01-11T15:16:29Z" user="Arnau Mora" uid="5365869">
  <nd ref="429843134"/>
  <nd ref="7806478531"/>
  <nd ref="256604811"/>
  <tag k="highway" v="footway"/>
  <tag k="source" v="Yahoo"/>
  <tag k="surface" v="concrete"/>
 </way>
 <way id="23698480" visible="true" version="3" changeset="161242956" timestamp="2025-01-11T15:16:12Z" user="Arnau Mora" uid="5365869">
  <nd ref="256604812"/>
  <nd ref="256604805"/>
  <tag k="highway" v="footway"/>
  <tag k="source" v="Yahoo"/>
  <tag k="surface" v="concrete"/>
 </way>
 <way id="36966633" visible="true" version="10" changeset="150748880" timestamp="2024-05-01T12:48:55Z" user="MikelCalo" uid="11126976">
  <nd ref="1621881731"/>
  <nd ref="1621881659"/>
  <nd ref="11182555379"/>
  <nd ref="1621881729"/>
  <nd ref="429843128"/>
  <tag k="highway" v="pedestrian"/>
  <tag k="name" v="Carrer de Paul Samuelson"/>
  <tag k="name:ca" v="Carrer de Paul Samuelson"/>
  <tag k="name:es" v="Calle de Paul Samuelson"/>
  <tag k="name:etymology:wikidata" v="Q102454"/>
  <tag k="surface" v="paving_stones"/>
 </way>
 <way id="36966634" visible="true" version="8" changeset="132838433" timestamp="2023-02-21T15:33:06Z" user="Mikalet73" uid="1343690">
  <nd ref="429843126"/>
  <nd ref="429843232"/>
  <nd ref="1621881700"/>
  <nd ref="1621881666"/>
  <nd ref="429843130"/>
  <tag k="highway" v="pedestrian"/>
  <tag k="name" v="Carrer de Santiago Calatrava"/>
  <tag k="name:ca" v="Carrer de Santiago Calatrava"/>
  <tag k="name:es" v="Calle de Santiago Calatrava"/>
  <tag k="name:etymology:wikidata" v="Q168482"/>
  <tag k="surface" v="paving_stones"/>
 </way>
 <way id="36966636" visible="true" version="9" changeset="178854584" timestamp="2026-02-21T11:37:36Z" user="N3n1u" uid="19036742">
  <nd ref="429843130"/>
  <nd ref="1958874124"/>
  <nd ref="1621881692"/>
  <nd ref="429843231"/>
  <nd ref="1958874174"/>
  <nd ref="1958882979"/>
  <nd ref="429843131"/>
  <tag k="highway" v="pedestrian"/>
  <tag k="name" v="Carrer de Francisco Brines"/>
  <tag k="name:ca" v="Carrer de Francisco Brines"/>
  <tag k="name:etymology:wikidata" v="Q3821666"/>
  <tag k="surface" v="paving_stones"/>
 </way>
 <way id="36966637" visible="true" version="13" changeset="161242956" timestamp="2025-01-11T15:16:39Z" user="Arnau Mora" uid="5365869">
  <nd ref="11177372664"/>
  <nd ref="1967275024"/>
  <nd ref="10076557595"/>
  <nd ref="1958882981"/>
  <nd ref="1621881731"/>
  <nd ref="429843134"/>
  <nd ref="429843130"/>
  <tag k="highway" v="footway"/>
  <tag k="layer" v="-1"/>
  <tag k="name" v="Carrer de Darío Maravall Casesnoves"/>
  <tag k="name:ca" v="Carrer de Darío Maravall Casesnoves"/>
  <tag k="name:es" v="Calle de Darío Maravall Casesnoves"/>
  <tag k="name:etymology:wikidata" v="Q5799532"/>
  <tag k="surface" v="paving_stones"/>
 </way>
 <way id="36966638" visible="true" version="5" changeset="161242996" timestamp="2025-01-11T15:15:24Z" user="Arnau Mora" uid="5365869">
  <nd ref="429843131"/>
  <nd ref="1621881646"/>
  <nd ref="429843132"/>
  <tag k="highway" v="pedestrian"/>
  <tag k="noname" v="yes"/>
  <tag k="surface" v="paving_stones"/>
 </way>
 <way id="36966639" visible="true" version="11" changeset="151900006" timestamp="2024-05-27T13:45:34Z" user="Carlos244" uid="21450926">
  <nd ref="429843132"/>
  <nd ref="1958874135"/>
  <nd ref="11179557768"/>
  <nd ref="1621881694"/>
  <nd ref="429843135"/>
  <nd ref="1621881668"/>
  <nd ref="7529359370"/>
  <nd ref="429843137"/>
  <tag k="highway" v="pedestrian"/>
  <tag k="name" v="Carrer de Franco Modigliani"/>
  <tag k="name:ca" v="Carrer de Franco Modigliani"/>
  <tag k="name:etymology:wikidata" v="Q205850"/>
  <tag k="surface" v="paving_stones"/>
 </way>
 <way id="36966641" visible="true" version="10" changeset="161230693" timestamp="2025-01-11T08:54:20Z" user="Arnau Mora" uid="5365869">
  <nd ref="429843131"/>
  <nd ref="1958874138"/>
  <nd ref="1958837788"/>
  <tag k="highway" v="pedestrian"/>
  <tag k="name" v="Carrer de José Saramago"/>
  <tag k="name:ca" v="Carrer de José Saramago"/>
  <tag k="name:etymology:wikidata" v="Q37060"/>
  <tag k="surface" v="paving_stones"/>
 </way>
 <way id="36966653" visible="true" version="6" changeset="164716810" timestamp="2025-04-09T10:16:43Z" user="Nudlemaps" uid="22726072">
  <nd ref="429843175"/>
  <nd ref="4061377760"/>
  <nd ref="4061377758"/>
  <nd ref="1967275034"/>
  <nd ref="1967275039"/>
  <nd ref="1970830582"/>
  <tag k="highway" v="footway"/>
  <tag k="surface" v="concrete"/>
 </way>
 <way id="36966654" visible="true" version="4" changeset="129155438" timestamp="2022-11-20T12:56:18Z" user="MikelCalo" uid="11126976">
  <nd ref="429843138"/>
  <nd ref="429843175"/>
  <tag k="highway" v="footway"/>
  <tag k="name" v="Carrer de Hanif M. Chaudhry"/>
  <tag k="name:ca" v="Carrer de Hanif M. Chaudhry"/>
 </way>
 <way id="36966672" visible="true" version="11" changeset="161230693" timestamp="2025-01-11T08:52:17Z" user="Arnau Mora" uid="5365869">
  <nd ref="1958769679"/>
  <nd ref="3067097308"/>
  <nd ref="3067097306"/>
  <nd ref="1960406675"/>
  <nd ref="1958874128"/>
  <nd ref="429843231"/>
  <tag k="highway" v="pedestrian"/>
  <tag k="layer" v="-1"/>
  <tag k="name" v="Passatge de Norman Foster"/>
  <tag k="name:ca" v="Passatge de Norman Foster"/>
  <tag k="name:es" v="Pasaje de Norman Foster"/>
  <tag k="name:etymology:wikidata" v="Q104898"/>
  <tag k="surface" v="paving_stones"/>
 </way>
 <way id="149176194" visible="true" version="3" changeset="77741859" timestamp="2019-11-29T19:15:56Z" user="Georg_M_Weber" uid="10241965">
  <nd ref="5972588680"/>
  <nd ref="1621881649"/>
  <nd ref="1621881723"/>
  <nd ref="1621881670"/>
  <nd ref="1621881746"/>
  <nd ref="1621881705"/>
  <nd ref="1621881653"/>
  <nd ref="1621881677"/>
  <nd ref="1621881641"/>
  <nd ref="1621881672"/>
  <nd ref="1621881671"/>
  <nd ref="1621881725"/>
  <nd ref="1621881691"/>
  <nd ref="1621881722"/>
  <nd ref="1621881724"/>
  <nd ref="1621881719"/>
  <nd ref="1621881655"/>
  <nd ref="1621881748"/>
  <nd ref="1621881718"/>
  <nd ref="5972588680"/>
  <tag k="place" v="square"/>
 </way>
 <way id="149176197" visible="true" version="7" changeset="150748880" timestamp="2024-05-01T12:48:55Z" user="MikelCalo" uid="11126976">
  <nd ref="429843189"/>
  <nd ref="1621881726"/>
  <nd ref="11871744781"/>
  <nd ref="1621881650"/>
  <nd ref="429843192"/>
  <nd ref="11871744780"/>
  <nd ref="11871744775"/>
  <nd ref="11871744776"/>
  <nd ref="11871744777"/>
  <nd ref="11871744774"/>
  <nd ref="11871744782"/>
  <nd ref="11871744771"/>
  <nd ref="11871744772"/>
  <nd ref="11871744773"/>
  <nd ref="11871744770"/>
  <nd ref="429843193"/>
  <nd ref="11871744784"/>
  <nd ref="11871744786"/>
  <nd ref="429843194"/>
  <nd ref="11871744787"/>
  <nd ref="429843195"/>
  <nd ref="429843196"/>
  <nd ref="429843189"/>
  <tag k="addr:city" v="València"/>
  <tag k="addr:postcode" v="46022"/>
  <tag k="building" v="university"/>
  <tag k="building:levels" v="3"/>
  <tag k="name" v="3P"/>
  <tag k="operator" v="Universitat Politècnica de València"/>
 </way>
 <way id="185307000" visible="true" version="8" changeset="161242996" timestamp="2025-01-11T15:15:52Z" user="Arnau Mora" uid="5365869">
  <nd ref="429843132"/>
  <nd ref="1958882978"/>
  <nd ref="1958874151"/>
  <nd ref="1958837802"/>
  <nd ref="1958874100"/>
  <nd ref="1958882986"/>
  <nd ref="1621881731"/>
  <tag k="highway" v="pedestrian"/>
  <tag k="name" v="Carrer de Luís García Berlanga"/>
  <tag k="name:ca" v="Carrer de Luís García Berlanga"/>
  <tag k="name:etymology:wikidata" v="Q381234"/>
  <tag k="surface" v="paving_stones"/>
 </way>
 <way id="185310751" visible="true" version="4" changeset="150710988" timestamp="2024-04-30T14:21:28Z" user="MikelCalo" uid="11126976">
  <nd ref="253243693"/>
  <nd ref="11869212216"/>
  <nd ref="11869212213"/>
  <nd ref="253243701"/>
  <nd ref="1958769683"/>
  <nd ref="1958769677"/>
  <nd ref="253243691"/>
  <nd ref="11869221021"/>
  <nd ref="11869221020"/>
  <nd ref="11869221022"/>
  <nd ref="11869221039"/>
  <nd ref="11869220993"/>
  <nd ref="253243692"/>
  <nd ref="11869220986"/>
  <nd ref="11869220988"/>
  <nd ref="11869220989"/>
  <nd ref="11869220975"/>
  <nd ref="11869220974"/>
  <nd ref="253243693"/>
  <tag k="addr:city" v="València"/>
  <tag k="addr:postcode" v="46022"/>
  <tag k="building" v="university"/>
  <tag k="name" v="2D"/>
  <tag k="operator" v="Universitat Politècnica de València"/>
 </way>
 <way id="185310752" visible="true" version="7" changeset="150710988" timestamp="2024-04-30T14:21:28Z" user="MikelCalo" uid="11126976">
  <nd ref="1958769694"/>
  <nd ref="1958769689"/>
  <nd ref="1958882982"/>
  <nd ref="429843130"/>
  <tag k="highway" v="pedestrian"/>
  <tag k="layer" v="-1"/>
  <tag k="noname" v="yes"/>
 </way>
 <way id="185316024" visible="true" version="7" changeset="131025931" timestamp="2023-01-08T18:24:02Z" user="Jordi MF" uid="8278438">
  <nd ref="1958814157"/>
  <nd ref="1958814135"/>
  <nd ref="253308146"/>
  <nd ref="253308145"/>
  <nd ref="1958814157"/>
  <tag k="addr:city" v="València"/>
  <tag k="addr:postcode" v="46022"/>
  <tag k="addr:street" v="Carrer de Luís García Berlanga"/>
  <tag k="building" v="university"/>
  <tag k="building:levels" v="1"/>
  <tag k="name" v="5B"/>
  <tag k="name:ca" v="5B"/>
  <tag k="nohousenumber" v="yes"/>
  <tag k="operator" v="Universitat Politècnica de València"/>
 </way>
 <way id="185316025" visible="true" version="7" changeset="147061952" timestamp="2024-02-04T17:00:27Z" user="kapazao_import" uid="8770019">
  <nd ref="1958814148"/>
  <nd ref="1958814153"/>
  <nd ref="253308144"/>
  <nd ref="253308147"/>
  <nd ref="1958814148"/>
  <tag k="addr:city" v="València"/>
  <tag k="addr:postcode" v="46022"/>
  <tag k="addr:street" v="Carrer de Luís García Berlanga"/>
  <tag k="building" v="university"/>
  <tag k="building:levels" v="1"/>
  <tag k="level" v="0"/>
  <tag k="name" v="3D"/>
  <tag k="nohousenumber" v="yes"/>
  <tag k="operator" v="Universitat Politècnica de València"/>
 </way>
 <way id="185318106" visible="true" version="12" changeset="132838433" timestamp="2023-02-21T15:34:37Z" user="Mikalet73" uid="1343690">
  <nd ref="1958837802"/>
  <nd ref="1958882984"/>
  <nd ref="1960406002"/>
  <nd ref="7015750701"/>
  <nd ref="4061377757"/>
  <nd ref="1967275036"/>
  <nd ref="1958837790"/>
  <nd ref="1958874122"/>
  <tag k="highway" v="footway"/>
  <tag k="name" v="Passatge de Manuel Valdivia"/>
  <tag k="name:ca" v="Passatge de Manuel Valdivia"/>
  <tag k="name:es" v="Pasaje de Manuel Valdivia"/>
  <tag k="name:etymology:wikidata" v="Q22008459"/>
 </way>
 <way id="185318107" visible="true" version="3" changeset="150710988" timestamp="2024-04-30T14:21:28Z" user="MikelCalo" uid="11126976">
  <nd ref="1958837800"/>
  <nd ref="1958837767"/>
  <nd ref="1958837786"/>
  <nd ref="1958837778"/>
  <nd ref="1958837800"/>
  <tag k="building" v="yes"/>
  <tag k="building:levels" v="2"/>
  <tag k="information" v="office"/>
  <tag k="name" v="Oficina d'Informació"/>
  <tag k="name:ca" v="Oficina d'Informació"/>
  <tag k="name:es" v="Oficina de Información"/>
  <tag k="tourism" v="information"/>
 </way>
 <way id="185318108" visible="true" version="3" changeset="161230613" timestamp="2025-01-11T08:55:01Z" user="Arnau Mora" uid="5365869">
  <nd ref="256604797"/>
  <nd ref="256604801"/>
  <nd ref="1621881694"/>
  <tag k="highway" v="footway"/>
  <tag k="source" v="Yahoo"/>
  <tag k="surface" v="concrete"/>
 </way>
 <way id="185318109" visible="true" version="7" changeset="140542863" timestamp="2023-08-29T13:41:57Z" user="Saicpp" uid="19253508">
  <nd ref="1958837792"/>
  <nd ref="1621881661"/>
  <nd ref="1621881687"/>
  <nd ref="11153234041"/>
  <nd ref="1956841556"/>
  <nd ref="253244365"/>
  <tag k="highway" v="pedestrian"/>
  <tag k="name" v="Carrer de José Saramago"/>
  <tag k="name:ca" v="Carrer de José Saramago"/>
  <tag k="name:es" v="Calle de José Saramago"/>
  <tag k="name:etymology:wikidata" v="Q37060"/>
  <tag k="surface" v="paving_stones"/>
 </way>
 <way id="185318110" visible="true" version="7" changeset="150721541" timestamp="2024-04-30T18:15:54Z" user="trifano" uid="20759500">
  <nd ref="1958837798"/>
  <nd ref="1958837784"/>
  <nd ref="253351518"/>
  <nd ref="11869221030"/>
  <nd ref="253351522"/>
  <nd ref="11869221027"/>
  <nd ref="11869220992"/>
  <nd ref="1958837798"/>
  <tag k="addr:city" v="València"/>
  <tag k="addr:postcode" v="46022"/>
  <tag k="building" v="university"/>
  <tag k="building:levels" v="1"/>
  <tag k="name" v="4M"/>
  <tag k="name:ca" v="4M"/>
  <tag k="operator" v="Universitat Politècnica de València"/>
 </way>
 <way id="185318111" visible="true" version="3" changeset="150710988" timestamp="2024-04-30T14:21:28Z" user="MikelCalo" uid="11126976">
  <nd ref="1958837803"/>
  <nd ref="1958837780"/>
  <nd ref="1958837799"/>
  <nd ref="1958837782"/>
  <nd ref="11869220982"/>
  <nd ref="1958837803"/>
  <tag k="building" v="yes"/>
  <tag k="building:levels" v="2"/>
  <tag k="shop" v="kiosk"/>
 </way>
 <way id="185318112" visible="true" version="5" changeset="161230693" timestamp="2025-01-11T08:54:42Z" user="Arnau Mora" uid="5365869">
  <nd ref="1958837788"/>
  <nd ref="1958837776"/>
  <nd ref="1958837792"/>
  <tag k="covered" v="yes"/>
  <tag k="highway" v="pedestrian"/>
  <tag k="name" v="Carrer de José Saramago"/>
  <tag k="name:ca" v="Carrer de José Saramago"/>
  <tag k="name:etymology:wikidata" v="Q37060"/>
  <tag k="surface" v="paving_stones"/>
 </way>
 <way id="185318113" visible="true" version="7" changeset="150721541" timestamp="2024-04-30T18:15:54Z" user="trifano" uid="20759500">
  <nd ref="1958837796"/>
  <nd ref="1958837801"/>
  <nd ref="11869220985"/>
  <nd ref="11869220987"/>
  <nd ref="11869220990"/>
  <nd ref="253351520"/>
  <nd ref="253351521"/>
  <nd ref="1958837796"/>
  <tag k="addr:city" v="València"/>
  <tag k="addr:postcode" v="46022"/>
  <tag k="building" v="university"/>
  <tag k="building:levels" v="1"/>
  <tag k="name" v="2G"/>
  <tag k="name:ca" v="2G"/>
  <tag k="operator" v="Universitat Politècnica de València"/>
 </way>
 <way id="185319076" visible="true" version="3" changeset="141041250" timestamp="2023-09-09T21:52:32Z" user="Saicpp" uid="19253508">
  <nd ref="1958851564"/>
  <nd ref="1958902018"/>
  <nd ref="1958851561"/>
  <nd ref="1958851580"/>
  <tag k="highway" v="footway"/>
  <tag k="layer" v="1"/>
  <tag k="level" v="1"/>
 </way>
 <way id="185320104" visible="true" version="2" changeset="161242956" timestamp="2025-01-11T15:16:05Z" user="Arnau Mora" uid="5365869">
  <nd ref="429843181"/>
  <nd ref="256604813"/>
  <tag k="highway" v="footway"/>
  <tag k="source" v="Yahoo"/>
  <tag k="surface" v="concrete"/>
 </way>
 <way id="185320105" visible="true" version="4" changeset="172694130" timestamp="2025-10-01T08:26:59Z" user="Carlos244" uid="21450926">
  <nd ref="1958874124"/>
  <nd ref="1958874149"/>
  <nd ref="1958874128"/>
  <nd ref="1958874146"/>
  <tag k="highway" v="footway"/>
  <tag k="surface" v="paving_stones"/>
 </way>
 <way id="185320107" visible="true" version="10" changeset="141041250" timestamp="2023-09-09T21:52:32Z" user="Saicpp" uid="19253508">
  <nd ref="1958874080"/>
  <nd ref="5250673649"/>
  <nd ref="5250672480"/>
  <nd ref="7529359369"/>
  <nd ref="1958882976"/>
  <nd ref="11179557786"/>
  <nd ref="11179557785"/>
  <nd ref="1958874135"/>
  <tag k="highway" v="footway"/>
  <tag k="lit" v="yes"/>
 </way>
 <way id="185320109" visible="true" version="8" changeset="161230693" timestamp="2025-01-11T08:53:04Z" user="Arnau Mora" uid="5365869">
  <nd ref="1958874138"/>
  <nd ref="11179562153"/>
  <nd ref="1958882980"/>
  <nd ref="1967063060"/>
  <nd ref="3067097305"/>
  <nd ref="3067097307"/>
  <nd ref="1967063087"/>
  <nd ref="1958874074"/>
  <nd ref="1958874173"/>
  <tag k="highway" v="pedestrian"/>
  <tag k="layer" v="-1"/>
  <tag k="noname" v="yes"/>
  <tag k="surface" v="concrete"/>
 </way>
 <way id="185320503" visible="true" version="3" changeset="129155438" timestamp="2022-11-20T12:56:18Z" user="MikelCalo" uid="11126976">
  <nd ref="1958882981"/>
  <nd ref="1960406002"/>
  <nd ref="1958882976"/>
  <tag k="highway" v="footway"/>
 </way>
 <way id="185320504" visible="true" version="3" changeset="150710988" timestamp="2024-04-30T14:21:28Z" user="MikelCalo" uid="11126976">
  <nd ref="1958874146"/>
  <nd ref="1958882979"/>
  <tag k="highway" v="footway"/>
 </way>
 <way id="185320505" visible="true" version="3" changeset="150748880" timestamp="2024-05-01T12:48:55Z" user="MikelCalo" uid="11126976">
  <nd ref="1958882978"/>
  <nd ref="11179557784"/>
  <nd ref="1958882992"/>
  <nd ref="1958882984"/>
  <nd ref="1958882985"/>
  <nd ref="1958882986"/>
  <tag k="highway" v="footway"/>
 </way>
 <way id="185320506" visible="true" version="3" changeset="130439159" timestamp="2022-12-23T22:36:46Z" user="Jordi MF" uid="8278438">
  <nd ref="1958882980"/>
  <nd ref="1960406675"/>
  <nd ref="1958882982"/>
  <tag k="highway" v="pedestrian"/>
  <tag k="noname" v="yes"/>
 </way>
 <way id="185442740" visible="true" version="6" changeset="150707183" timestamp="2024-04-30T13:02:51Z" user="MikelCalo" uid="11126976">
  <nd ref="1960415610"/>
  <nd ref="1960415612"/>
  <nd ref="1960415624"/>
  <nd ref="7555079904"/>
  <nd ref="11182555380"/>
  <nd ref="10185623428"/>
  <nd ref="1960415616"/>
  <nd ref="1960415614"/>
  <nd ref="1960415608"/>
  <nd ref="1960415619"/>
  <nd ref="11177553338"/>
  <nd ref="1960415627"/>
  <tag k="highway" v="service"/>
 </way>
 <way id="186010123" visible="true" version="4" changeset="161230693" timestamp="2025-01-11T08:53:47Z" user="Arnau Mora" uid="5365869">
  <nd ref="1967063060"/>
  <nd ref="3067558829"/>
  <nd ref="1967063056"/>
  <tag k="highway" v="pedestrian"/>
  <tag k="noname" v="yes"/>
  <tag k="surface" v="paving_stones"/>
 </way>
 <way id="186016790" visible="true" version="6" changeset="150710988" timestamp="2024-04-30T14:21:28Z" user="MikelCalo" uid="11126976">
  <nd ref="253308150"/>
  <nd ref="11869220994"/>
  <nd ref="11869221038"/>
  <nd ref="11869221033"/>
  <nd ref="11869221034"/>
  <nd ref="11869221035"/>
  <nd ref="11869221036"/>
  <nd ref="11869221037"/>
  <nd ref="11869221032"/>
  <nd ref="1967182147"/>
  <nd ref="11869212207"/>
  <nd ref="11869212208"/>
  <nd ref="11869212209"/>
  <nd ref="11869212206"/>
  <nd ref="1967182136"/>
  <nd ref="11869221028"/>
  <nd ref="11869220991"/>
  <nd ref="253308150"/>
  <tag k="building" v="university"/>
  <tag k="name" v="4H"/>
 </way>
 <way id="186031218" visible="true" version="7" changeset="164716810" timestamp="2025-04-09T10:16:34Z" user="Nudlemaps" uid="22726072">
  <nd ref="11177372649"/>
  <nd ref="11177553398"/>
  <nd ref="1958874080"/>
  <nd ref="7015750702"/>
  <nd ref="1967275034"/>
  <nd ref="253243409"/>
  <tag k="highway" v="footway"/>
  <tag k="surface" v="concrete"/>
 </way>
 <way id="301659472" visible="true" version="6" changeset="164716810" timestamp="2025-04-09T10:17:02Z" user="Nudlemaps" uid="22726072">
  <nd ref="7529359368"/>
  <nd ref="5250670507"/>
  <nd ref="5250670996"/>
  <nd ref="7015750703"/>
  <tag k="highway" v="footway"/>
  <tag k="surface" v="concrete"/>
 </way>
 <way id="403833303" visible="true" version="3" changeset="141041250" timestamp="2023-09-09T21:52:32Z" user="Saicpp" uid="19253508">
  <nd ref="429843175"/>
  <nd ref="11179557762"/>
  <nd ref="429843135"/>
  <tag k="highway" v="footway"/>
 </way>
 <way id="403833306" visible="true" version="9" changeset="164716810" timestamp="2025-04-09T10:16:59Z" user="Nudlemaps" uid="22726072">
  <nd ref="10203778409"/>
  <nd ref="4061377761"/>
  <nd ref="11177553394"/>
  <nd ref="11177553395"/>
  <nd ref="7015750702"/>
  <nd ref="7015750703"/>
  <nd ref="5250673646"/>
  <nd ref="5250672475"/>
  <nd ref="5250675221"/>
  <nd ref="7015750698"/>
  <tag k="highway" v="footway"/>
  <tag k="surface" v="concrete"/>
 </way>
 <way id="403833307" visible="true" version="4" changeset="129155438" timestamp="2022-11-20T12:56:18Z" user="MikelCalo" uid="11126976">
  <nd ref="7529359369"/>
  <nd ref="7529359368"/>
  <nd ref="5250675221"/>
  <nd ref="429843175"/>
  <tag k="highway" v="footway"/>
 </way>
 <way id="750309362" visible="true" version="4" changeset="161242956" timestamp="2025-01-11T15:14:33Z" user="Arnau Mora" uid="5365869">
  <nd ref="7015750697"/>
  <nd ref="11179557769"/>
  <nd ref="11179557767"/>
  <nd ref="11179557773"/>
  <nd ref="11179557774"/>
  <nd ref="11179557768"/>
  <tag k="highway" v="footway"/>
  <tag k="surface" v="concrete"/>
 </way>
 <way id="750309364" visible="true" version="4" changeset="164716842" timestamp="2025-04-09T10:17:21Z" user="Nudlemaps" uid="22726072">
  <nd ref="10076557595"/>
  <nd ref="7015750701"/>
  <nd ref="5250672480"/>
  <nd ref="5250670507"/>
  <nd ref="5250672475"/>
  <nd ref="4061377760"/>
  <tag k="highway" v="footway"/>
  <tag k="surface" v="concrete"/>
 </way>
 <way id="750309366" visible="true" version="4" changeset="164716810" timestamp="2025-04-09T10:16:55Z" user="Nudlemaps" uid="22726072">
  <nd ref="4061377757"/>
  <nd ref="5250673649"/>
  <nd ref="5250670996"/>
  <nd ref="5250673646"/>
  <nd ref="4061377758"/>
  <tag k="highway" v="footway"/>
  <tag k="surface" v="concrete"/>
 </way>
 <way id="788602571" visible="true" version="11" changeset="147165428" timestamp="2024-02-07T08:26:59Z" user="kapazao_import" uid="8770019">
  <nd ref="7372861321"/>
  <nd ref="7554294233"/>
  <nd ref="7527101607"/>
  <nd ref="7529116237"/>
  <nd ref="7372861322"/>
  <nd ref="7529116236"/>
  <nd ref="11179547052"/>
  <nd ref="7372861323"/>
  <nd ref="7372861324"/>
  <nd ref="11179547051"/>
  <nd ref="7529116238"/>
  <nd ref="10076557594"/>
  <nd ref="7372861321"/>
  <tag k="addr:city" v="València"/>
  <tag k="addr:postcode" v="46022"/>
  <tag k="building" v="university"/>
  <tag k="building:levels" v="3"/>
  <tag k="name" v="5F"/>
  <tag k="name:ca" v="5F"/>
  <tag k="nohousenumber" v="yes"/>
  <tag k="operator" v="Universitat Politècnica de València"/>
  <tag k="wheelchair" v="yes"/>
 </way>
 <way id="788614725" visible="true" version="10" changeset="147165428" timestamp="2024-02-07T08:26:59Z" user="kapazao_import" uid="8770019">
  <nd ref="7372951288"/>
  <nd ref="7510538448"/>
  <nd ref="7510538447"/>
  <nd ref="7529116241"/>
  <nd ref="11179557801"/>
  <nd ref="7372951289"/>
  <nd ref="7529116239"/>
  <nd ref="7372951290"/>
  <nd ref="7529116240"/>
  <nd ref="7527101606"/>
  <nd ref="7554294232"/>
  <nd ref="7527101611"/>
  <nd ref="7529116242"/>
  <nd ref="7372951288"/>
  <tag k="addr:city" v="València"/>
  <tag k="addr:postcode" v="46022"/>
  <tag k="building" v="university"/>
  <tag k="building:levels" v="3"/>
  <tag k="name" v="5H"/>
  <tag k="name:ca" v="5H"/>
  <tag k="nohousenumber" v="yes"/>
  <tag k="operator" v="Universitat Politècnica de València"/>
 </way>
 <way id="789252361" visible="true" version="7" changeset="140997782" timestamp="2023-09-08T18:04:29Z" user="Saicpp" uid="19253508">
  <nd ref="7379675730"/>
  <nd ref="11177372647"/>
  <nd ref="7379675731"/>
  <nd ref="7529116243"/>
  <nd ref="7379675732"/>
  <nd ref="7510538446"/>
  <nd ref="7510538445"/>
  <nd ref="7379675733"/>
  <nd ref="7379675730"/>
  <tag k="addr:city" v="València"/>
  <tag k="addr:postcode" v="46022"/>
  <tag k="addr:street" v="Camí de Vera"/>
  <tag k="building" v="university"/>
  <tag k="building:levels" v="3"/>
  <tag k="name" v="5J"/>
  <tag k="name:ca" v="5J"/>
  <tag k="operator" v="Universitat Politècnica de València"/>
 </way>
 <way id="792174534" visible="true" version="7" changeset="141041553" timestamp="2023-09-09T22:08:54Z" user="Saicpp" uid="19253508">
  <nd ref="7405876725"/>
  <nd ref="11179547054"/>
  <nd ref="7405876726"/>
  <nd ref="7527101615"/>
  <nd ref="7527101614"/>
  <nd ref="7405876727"/>
  <nd ref="7405876728"/>
  <nd ref="11179557794"/>
  <nd ref="7527101617"/>
  <nd ref="7405876725"/>
  <tag k="addr:city" v="València"/>
  <tag k="addr:housenumber" v="5C"/>
  <tag k="addr:postcode" v="46022"/>
  <tag k="building" v="university"/>
  <tag k="building:levels" v="3"/>
  <tag k="name" v="5C"/>
  <tag k="name:ca" v="5C"/>
  <tag k="operator" v="Universitat Politècnica de València"/>
  <tag k="wheelchair" v="yes"/>
 </way>
 <way id="792174535" visible="true" version="6" changeset="141041250" timestamp="2023-09-09T21:52:32Z" user="Saicpp" uid="19253508">
  <nd ref="7405876729"/>
  <nd ref="7405876730"/>
  <nd ref="7527101618"/>
  <nd ref="7405876731"/>
  <nd ref="7405876732"/>
  <nd ref="11179557772"/>
  <nd ref="7527101613"/>
  <nd ref="7527101612"/>
  <nd ref="7405876729"/>
  <tag k="addr:city" v="València"/>
  <tag k="addr:housenumber" v="5D"/>
  <tag k="addr:postcode" v="46022"/>
  <tag k="building" v="university"/>
  <tag k="building:levels" v="3"/>
  <tag k="name" v="5D"/>
  <tag k="operator" v="Universitat Politècnica de València"/>
  <tag k="wheelchair" v="yes"/>
 </way>
 <way id="802907727" visible="true" version="2" changeset="85314428" timestamp="2020-05-16T19:05:51Z" user="jfe2erfn" uid="11190680">
  <nd ref="7510538445"/>
  <nd ref="7510538446"/>
  <nd ref="7510538447"/>
  <nd ref="7510538448"/>
  <nd ref="7510538445"/>
  <tag k="bridge" v="covered"/>
  <tag k="building" v="bridge"/>
  <tag k="layer" v="1"/>
 </way>
 <way id="804723642" visible="true" version="6" changeset="150748880" timestamp="2024-05-01T12:48:55Z" user="MikelCalo" uid="11126976">
  <nd ref="7527101606"/>
  <nd ref="7527101607"/>
  <nd ref="7554294233"/>
  <nd ref="7372861321"/>
  <nd ref="10076557594"/>
  <nd ref="7527101609"/>
  <nd ref="7554294231"/>
  <nd ref="7554294230"/>
  <nd ref="7527101610"/>
  <nd ref="7527101611"/>
  <nd ref="7554294232"/>
  <nd ref="7527101606"/>
  <tag k="building" v="bridge"/>
  <tag k="building:levels" v="2"/>
  <tag k="layer" v="1"/>
  <tag k="operator" v="Universitat Politècnica de València"/>
 </way>
 <way id="804723643" visible="true" version="1" changeset="85314428" timestamp="2020-05-16T19:05:51Z" user="jfe2erfn" uid="11190680">
  <nd ref="7015750698"/>
  <nd ref="7527101612"/>
  <nd ref="7527101613"/>
  <nd ref="7015750697"/>
  <nd ref="7527101614"/>
  <nd ref="7527101615"/>
  <nd ref="7015750698"/>
  <tag k="building" v="bridge"/>
  <tag k="building:levels" v="3"/>
 </way>
 <way id="804916136" visible="true" version="2" changeset="85688592" timestamp="2020-05-24T16:49:46Z" user="jfe2erfn" uid="11190680">
  <nd ref="7528992398"/>
  <nd ref="7528992399"/>
  <nd ref="7528992400"/>
  <nd ref="7528992401"/>
  <nd ref="7528992398"/>
  <tag k="addr:city" v="València"/>
  <tag k="addr:postcode" v="46022"/>
  <tag k="building" v="yes"/>
  <tag k="leisure" v="fitness_centre"/>
  <tag k="name" v="5R"/>
  <tag k="operator" v="Universitat Politècnica de València"/>
  <tag k="sport" v="cardio"/>
 </way>
 <way id="804954480" visible="true" version="1" changeset="85341251" timestamp="2020-05-17T16:40:06Z" user="jfe2erfn" uid="11190680">
  <nd ref="7529359364"/>
  <nd ref="7529359365"/>
  <nd ref="253243674"/>
  <nd ref="7529359366"/>
  <nd ref="7529359364"/>
  <tag k="place" v="plot"/>
 </way>
 <way id="804954482" visible="true" version="1" changeset="85341251" timestamp="2020-05-17T16:40:06Z" user="jfe2erfn" uid="11190680">
  <nd ref="7529359372"/>
  <nd ref="7529359373"/>
  <nd ref="7529359374"/>
  <nd ref="7529359375"/>
  <nd ref="7529359372"/>
  <tag k="landuse" v="grass"/>
 </way>
 <way id="807828581" visible="true" version="8" changeset="150748880" timestamp="2024-05-01T12:48:55Z" user="MikelCalo" uid="11126976">
  <nd ref="7554294224"/>
  <nd ref="7554294231"/>
  <nd ref="7527101609"/>
  <nd ref="11179547050"/>
  <nd ref="7554294225"/>
  <nd ref="11869220984"/>
  <nd ref="7554294226"/>
  <nd ref="7554294260"/>
  <nd ref="7554294259"/>
  <nd ref="7554294224"/>
  <tag k="addr:city" v="València"/>
  <tag k="addr:postcode" v="46022"/>
  <tag k="building" v="university"/>
  <tag k="name" v="3H"/>
  <tag k="name:ca" v="3H"/>
  <tag k="operator" v="Universitat Politècnica de València"/>
 </way>
 <way id="807828582" visible="true" version="3" changeset="150748880" timestamp="2024-05-01T12:48:55Z" user="MikelCalo" uid="11126976">
  <nd ref="7554294227"/>
  <nd ref="11871744799"/>
  <nd ref="11871744798"/>
  <nd ref="7554294228"/>
  <nd ref="7554294230"/>
  <nd ref="7527101610"/>
  <nd ref="7554294229"/>
  <nd ref="11871744802"/>
  <nd ref="7554294242"/>
  <nd ref="7554294241"/>
  <nd ref="7554294227"/>
  <tag k="addr:city" v="València"/>
  <tag k="addr:postcode" v="46022"/>
  <tag k="building" v="university"/>
  <tag k="name" v="3J"/>
  <tag k="name:ca" v="3J"/>
  <tag k="operator" v="Universitat Politècnica de València"/>
 </way>
 <way id="807828583" visible="true" version="4" changeset="150748880" timestamp="2024-05-01T12:48:55Z" user="MikelCalo" uid="11126976">
  <nd ref="7554294236"/>
  <nd ref="7554294237"/>
  <nd ref="7554294240"/>
  <nd ref="7554294241"/>
  <nd ref="7554294242"/>
  <nd ref="7554294243"/>
  <nd ref="11871744801"/>
  <nd ref="7554294238"/>
  <nd ref="7554294239"/>
  <nd ref="7554294236"/>
  <tag k="addr:city" v="València"/>
  <tag k="addr:postcode" v="46022"/>
  <tag k="building" v="university"/>
  <tag k="building:levels" v="3"/>
  <tag k="name" v="3K"/>
  <tag k="name:ca" v="3K"/>
  <tag k="operator" v="Universitat Politècnica de València"/>
 </way>
 <way id="807828586" visible="true" version="5" changeset="150748880" timestamp="2024-05-01T12:48:55Z" user="MikelCalo" uid="11126976">
  <nd ref="7554294248"/>
  <nd ref="7554294249"/>
  <nd ref="7554294262"/>
  <nd ref="7554294265"/>
  <nd ref="7554294250"/>
  <nd ref="7554294261"/>
  <nd ref="7554294260"/>
  <nd ref="7554294259"/>
  <nd ref="7554294258"/>
  <nd ref="7554294251"/>
  <nd ref="7554294248"/>
  <tag k="addr:city" v="València"/>
  <tag k="addr:postcode" v="46022"/>
  <tag k="building" v="university"/>
  <tag k="name" v="3G"/>
  <tag k="name:ca" v="3G"/>
  <tag k="operator" v="Universitat Politècnica de València"/>
 </way>
 <way id="807828587" visible="true" version="7" changeset="150748880" timestamp="2024-05-01T12:48:55Z" user="MikelCalo" uid="11126976">
  <nd ref="7554294252"/>
  <nd ref="7554294263"/>
  <nd ref="7554294262"/>
  <nd ref="7554294265"/>
  <nd ref="11871744803"/>
  <nd ref="7554294264"/>
  <nd ref="7554294253"/>
  <nd ref="11179557802"/>
  <nd ref="7554294254"/>
  <nd ref="7554294255"/>
  <nd ref="7554294272"/>
  <nd ref="7554294271"/>
  <nd ref="7554294252"/>
  <tag k="addr:city" v="València"/>
  <tag k="addr:postcode" v="46022"/>
  <tag k="building" v="university"/>
  <tag k="name" v="3C"/>
  <tag k="name:ca" v="3C"/>
  <tag k="operator" v="Universitat Politècnica de València"/>
 </way>
 <way id="807828600" visible="true" version="6" changeset="150748880" timestamp="2024-05-01T12:48:55Z" user="MikelCalo" uid="11126976">
  <nd ref="7554294266"/>
  <nd ref="7554294267"/>
  <nd ref="7554294268"/>
  <nd ref="7554294273"/>
  <nd ref="7554294272"/>
  <nd ref="7554294271"/>
  <nd ref="7554294270"/>
  <nd ref="7554294269"/>
  <nd ref="7554294266"/>
  <tag k="addr:city" v="València"/>
  <tag k="addr:postcode" v="46022"/>
  <tag k="building" v="university"/>
  <tag k="name" v="3B"/>
  <tag k="name:ca" v="3B"/>
  <tag k="operator" v="Universitat Politècnica de València"/>
 </way>
 <way id="807828606" visible="true" version="3" changeset="127037114" timestamp="2022-10-05T09:16:44Z" user="MikelCalo" uid="11126976">
  <nd ref="7554315597"/>
  <nd ref="7554315598"/>
  <nd ref="7554315599"/>
  <nd ref="7554315600"/>
  <nd ref="7554315601"/>
  <nd ref="7554315602"/>
  <nd ref="7554315603"/>
  <nd ref="7554315604"/>
  <nd ref="7554315605"/>
  <nd ref="7554315606"/>
  <nd ref="7554315607"/>
  <nd ref="7554315608"/>
  <nd ref="7554315609"/>
  <nd ref="7554315610"/>
  <nd ref="7554315611"/>
  <nd ref="7554315612"/>
  <nd ref="7554315613"/>
  <nd ref="7554315614"/>
  <nd ref="10076557501"/>
  <nd ref="7554315615"/>
  <nd ref="10076557502"/>
  <nd ref="7554315616"/>
  <nd ref="7554315617"/>
  <nd ref="7554315618"/>
  <nd ref="7554315619"/>
  <nd ref="7554315620"/>
  <nd ref="7554315621"/>
  <nd ref="7554315622"/>
  <nd ref="7554315623"/>
  <nd ref="7554315624"/>
  <nd ref="7554315625"/>
  <nd ref="7554315626"/>
  <nd ref="7554315627"/>
  <nd ref="7554315628"/>
  <nd ref="10076557503"/>
  <nd ref="7554315629"/>
  <nd ref="7554315630"/>
  <nd ref="7554315631"/>
  <nd ref="7554315597"/>
  <tag k="landuse" v="grass"/>
 </way>
 <way id="807910476" visible="true" version="1" changeset="85696603" timestamp="2020-05-24T22:40:27Z" user="jfe2erfn" uid="11190680">
  <nd ref="7555036970"/>
  <nd ref="7555036971"/>
  <nd ref="7555036972"/>
  <nd ref="7555036973"/>
  <nd ref="7555036970"/>
  <tag k="landuse" v="grass"/>
 </way>
 <way id="807910477" visible="true" version="1" changeset="85696603" timestamp="2020-05-24T22:40:27Z" user="jfe2erfn" uid="11190680">
  <nd ref="7555036974"/>
  <nd ref="7555036975"/>
  <nd ref="7555036976"/>
  <nd ref="7555036977"/>
  <nd ref="7555036974"/>
  <tag k="landuse" v="grass"/>
 </way>
 <way id="807910478" visible="true" version="1" changeset="85696603" timestamp="2020-05-24T22:40:27Z" user="jfe2erfn" uid="11190680">
  <nd ref="7555036978"/>
  <nd ref="7555036979"/>
  <nd ref="7555036980"/>
  <nd ref="7555036981"/>
  <nd ref="7555036978"/>
  <tag k="landuse" v="grass"/>
 </way>
 <way id="807910479" visible="true" version="1" changeset="85696603" timestamp="2020-05-24T22:40:27Z" user="jfe2erfn" uid="11190680">
  <nd ref="7555036982"/>
  <nd ref="7555036983"/>
  <nd ref="7555036984"/>
  <nd ref="7555079885"/>
  <nd ref="7555036982"/>
  <tag k="landuse" v="grass"/>
 </way>
 <way id="807910480" visible="true" version="1" changeset="85696603" timestamp="2020-05-24T22:40:27Z" user="jfe2erfn" uid="11190680">
  <nd ref="7555079892"/>
  <nd ref="7555079893"/>
  <nd ref="7555079894"/>
  <nd ref="7555079895"/>
  <nd ref="7555079892"/>
  <tag k="landuse" v="grass"/>
 </way>
 <way id="807910481" visible="true" version="1" changeset="85696603" timestamp="2020-05-24T22:40:27Z" user="jfe2erfn" uid="11190680">
  <nd ref="7555079896"/>
  <nd ref="7555079897"/>
  <nd ref="7555079898"/>
  <nd ref="7555079899"/>
  <nd ref="7555079896"/>
  <tag k="landuse" v="grass"/>
 </way>
 <way id="1101020884" visible="true" version="1" changeset="127037114" timestamp="2022-10-05T09:16:44Z" user="MikelCalo" uid="11126976">
  <nd ref="10076557376"/>
  <nd ref="10076557377"/>
  <nd ref="10076557378"/>
  <nd ref="10076557379"/>
  <nd ref="10076557376"/>
  <tag k="landuse" v="grass"/>
 </way>
 <way id="1101020885" visible="true" version="1" changeset="127037114" timestamp="2022-10-05T09:16:44Z" user="MikelCalo" uid="11126976">
  <nd ref="10076557380"/>
  <nd ref="10076557381"/>
  <nd ref="10076557382"/>
  <nd ref="10076557383"/>
  <nd ref="10076557380"/>
  <tag k="landuse" v="grass"/>
 </way>
 <way id="1101020886" visible="true" version="1" changeset="127037114" timestamp="2022-10-05T09:16:44Z" user="MikelCalo" uid="11126976">
  <nd ref="10076557384"/>
  <nd ref="10076557385"/>
  <nd ref="10076557386"/>
  <nd ref="10076557387"/>
  <nd ref="10076557384"/>
  <tag k="landuse" v="grass"/>
 </way>
 <way id="1101020887" visible="true" version="1" changeset="127037114" timestamp="2022-10-05T09:16:44Z" user="MikelCalo" uid="11126976">
  <nd ref="10076557388"/>
  <nd ref="10076557389"/>
  <nd ref="10076557390"/>
  <nd ref="10076557391"/>
  <nd ref="10076557388"/>
  <tag k="landuse" v="grass"/>
 </way>
 <way id="1101020888" visible="true" version="1" changeset="127037114" timestamp="2022-10-05T09:16:44Z" user="MikelCalo" uid="11126976">
  <nd ref="10076557392"/>
  <nd ref="10076557393"/>
  <nd ref="10076557394"/>
  <nd ref="10076557395"/>
  <nd ref="10076557392"/>
 </way>
 <way id="1101020889" visible="true" version="1" changeset="127037114" timestamp="2022-10-05T09:16:44Z" user="MikelCalo" uid="11126976">
  <nd ref="10076557396"/>
  <nd ref="10076557397"/>
  <nd ref="10076557398"/>
  <nd ref="10076557399"/>
  <nd ref="10076557396"/>
  <tag k="landuse" v="grass"/>
 </way>
 <way id="1101020890" visible="true" version="1" changeset="127037114" timestamp="2022-10-05T09:16:44Z" user="MikelCalo" uid="11126976">
  <nd ref="10076557400"/>
  <nd ref="10076557401"/>
  <nd ref="10076557402"/>
  <nd ref="10076557403"/>
  <nd ref="10076557400"/>
  <tag k="landuse" v="grass"/>
 </way>
 <way id="1101020891" visible="true" version="1" changeset="127037114" timestamp="2022-10-05T09:16:44Z" user="MikelCalo" uid="11126976">
  <nd ref="10076557404"/>
  <nd ref="10076557405"/>
  <nd ref="10076557406"/>
  <nd ref="10076557407"/>
  <nd ref="10076557404"/>
  <tag k="landuse" v="grass"/>
 </way>
 <way id="1101020892" visible="true" version="1" changeset="127037114" timestamp="2022-10-05T09:16:44Z" user="MikelCalo" uid="11126976">
  <nd ref="10076557408"/>
  <nd ref="10076557409"/>
  <nd ref="10076557410"/>
  <nd ref="10076557411"/>
  <nd ref="10076557408"/>
  <tag k="landuse" v="grass"/>
 </way>
 <way id="1101020897" visible="true" version="1" changeset="127037114" timestamp="2022-10-05T09:16:44Z" user="MikelCalo" uid="11126976">
  <nd ref="10076557528"/>
  <nd ref="10076557529"/>
  <nd ref="10076557530"/>
  <nd ref="10076557531"/>
  <nd ref="10076557532"/>
  <nd ref="10076557533"/>
  <nd ref="10076557534"/>
  <nd ref="10076557535"/>
  <nd ref="10076557528"/>
  <tag k="landuse" v="grass"/>
 </way>
 <way id="1101020898" visible="true" version="1" changeset="127037114" timestamp="2022-10-05T09:16:44Z" user="MikelCalo" uid="11126976">
  <nd ref="10076557536"/>
  <nd ref="10076557537"/>
  <nd ref="10076557538"/>
  <nd ref="10076557539"/>
  <nd ref="10076557540"/>
  <nd ref="10076557541"/>
  <nd ref="10076557542"/>
  <nd ref="10076557543"/>
  <nd ref="10076557536"/>
  <tag k="landuse" v="grass"/>
 </way>
 <way id="1101020899" visible="true" version="1" changeset="127037114" timestamp="2022-10-05T09:16:44Z" user="MikelCalo" uid="11126976">
  <nd ref="10076557544"/>
  <nd ref="10076557545"/>
  <nd ref="10076557546"/>
  <nd ref="10076557547"/>
  <nd ref="10076557548"/>
  <nd ref="10076557549"/>
  <nd ref="10076557550"/>
  <nd ref="10076557551"/>
  <nd ref="10076557544"/>
  <tag k="landuse" v="grass"/>
 </way>
 <way id="1101020900" visible="true" version="1" changeset="127037114" timestamp="2022-10-05T09:16:44Z" user="MikelCalo" uid="11126976">
  <nd ref="10076557552"/>
  <nd ref="10076557553"/>
  <nd ref="10076557554"/>
  <nd ref="10076557555"/>
  <nd ref="10076557556"/>
  <nd ref="10076557557"/>
  <nd ref="10076557558"/>
  <nd ref="10076557559"/>
  <nd ref="10076557552"/>
  <tag k="landuse" v="grass"/>
 </way>
 <way id="1101020901" visible="true" version="3" changeset="150748880" timestamp="2024-05-01T12:48:55Z" user="MikelCalo" uid="11126976">
  <nd ref="1967275024"/>
  <nd ref="4061377757"/>
  <tag k="highway" v="footway"/>
  <tag k="layer" v="-1"/>
 </way>
 <way id="1110735924" visible="true" version="1" changeset="128553546" timestamp="2022-11-06T12:42:30Z" user="MikelCalo" uid="11126976">
  <nd ref="10161985698"/>
  <nd ref="10161985699"/>
  <nd ref="10161985700"/>
  <nd ref="10161985701"/>
  <nd ref="10161985698"/>
  <tag k="landuse" v="grass"/>
 </way>
 <way id="1110735925" visible="true" version="1" changeset="128553546" timestamp="2022-11-06T12:42:30Z" user="MikelCalo" uid="11126976">
  <nd ref="10161985702"/>
  <nd ref="10161985703"/>
  <nd ref="10161985704"/>
  <nd ref="10161985705"/>
  <nd ref="10161985702"/>
  <tag k="landuse" v="grass"/>
 </way>
 <way id="1110735926" visible="true" version="1" changeset="128553546" timestamp="2022-11-06T12:42:30Z" user="MikelCalo" uid="11126976">
  <nd ref="10161985706"/>
  <nd ref="10161985707"/>
  <nd ref="10161985708"/>
  <nd ref="10161985709"/>
  <nd ref="10161985706"/>
  <tag k="landuse" v="grass"/>
 </way>
 <way id="1110735927" visible="true" version="1" changeset="128553546" timestamp="2022-11-06T12:42:30Z" user="MikelCalo" uid="11126976">
  <nd ref="10161985710"/>
  <nd ref="10161985711"/>
  <nd ref="10161985712"/>
  <nd ref="10161985713"/>
  <nd ref="10161985710"/>
  <tag k="landuse" v="grass"/>
 </way>
 <way id="1110735928" visible="true" version="1" changeset="128553546" timestamp="2022-11-06T12:42:30Z" user="MikelCalo" uid="11126976">
  <nd ref="10161985714"/>
  <nd ref="10161985715"/>
  <nd ref="10161985716"/>
  <nd ref="10162002117"/>
  <nd ref="10161985714"/>
  <tag k="landuse" v="grass"/>
 </way>
 <way id="1110735929" visible="true" version="1" changeset="128553546" timestamp="2022-11-06T12:42:30Z" user="MikelCalo" uid="11126976">
  <nd ref="10162002118"/>
  <nd ref="10162002119"/>
  <nd ref="10162002120"/>
  <nd ref="10162002121"/>
  <nd ref="10162002118"/>
  <tag k="landuse" v="grass"/>
 </way>
 <way id="1115704217" visible="true" version="1" changeset="129155438" timestamp="2022-11-20T12:56:18Z" user="MikelCalo" uid="11126976">
  <nd ref="10203778410"/>
  <nd ref="10203778411"/>
  <nd ref="10203778412"/>
  <nd ref="10203778413"/>
  <nd ref="10203778414"/>
  <nd ref="10203778415"/>
  <nd ref="10203778416"/>
  <nd ref="10203861917"/>
  <nd ref="10203861918"/>
  <nd ref="10203861919"/>
  <nd ref="10203861920"/>
  <nd ref="10203861921"/>
  <nd ref="10203778410"/>
  <tag k="amenity" v="parking"/>
 </way>
 <way id="1115704218" visible="true" version="1" changeset="129155438" timestamp="2022-11-20T12:56:18Z" user="MikelCalo" uid="11126976">
  <nd ref="10203861922"/>
  <nd ref="10203861923"/>
  <nd ref="10203861924"/>
  <nd ref="10203861925"/>
  <nd ref="10203861931"/>
  <nd ref="10203861932"/>
  <nd ref="10203861926"/>
  <nd ref="10203861927"/>
  <nd ref="10203861928"/>
  <nd ref="10203861929"/>
  <nd ref="10203861930"/>
  <nd ref="10203861922"/>
  <tag k="landuse" v="grass"/>
 </way>
 <way id="1115704219" visible="true" version="1" changeset="129155438" timestamp="2022-11-20T12:56:18Z" user="MikelCalo" uid="11126976">
  <nd ref="10203861933"/>
  <nd ref="10203861934"/>
  <nd ref="10203861935"/>
  <nd ref="10203861936"/>
  <nd ref="10203861937"/>
  <nd ref="10203861938"/>
  <nd ref="10203861933"/>
  <tag k="landuse" v="grass"/>
 </way>
 <way id="1115704220" visible="true" version="1" changeset="129155438" timestamp="2022-11-20T12:56:18Z" user="MikelCalo" uid="11126976">
  <nd ref="10203861939"/>
  <nd ref="10203861940"/>
  <nd ref="10203861941"/>
  <nd ref="10203861942"/>
  <nd ref="10203861943"/>
  <nd ref="10203861944"/>
  <nd ref="10203861945"/>
  <nd ref="10203861946"/>
  <nd ref="10203861947"/>
  <nd ref="10203861948"/>
  <nd ref="10203861949"/>
  <nd ref="10203861950"/>
  <nd ref="10203861951"/>
  <nd ref="10203861952"/>
  <nd ref="10203861939"/>
  <tag k="landuse" v="grass"/>
 </way>
 <way id="1115704221" visible="true" version="1" changeset="129155438" timestamp="2022-11-20T12:56:18Z" user="MikelCalo" uid="11126976">
  <nd ref="10203861953"/>
  <nd ref="10203861954"/>
  <nd ref="10203861955"/>
  <nd ref="10203861956"/>
  <nd ref="10203861957"/>
  <nd ref="10203861958"/>
  <nd ref="10203861953"/>
  <tag k="landuse" v="grass"/>
 </way>
 <way id="1115704222" visible="true" version="1" changeset="129155438" timestamp="2022-11-20T12:56:18Z" user="MikelCalo" uid="11126976">
  <nd ref="10203861959"/>
  <nd ref="10203861960"/>
  <nd ref="10203861961"/>
  <nd ref="10203861962"/>
  <nd ref="10203861963"/>
  <nd ref="10203861964"/>
  <nd ref="10203861965"/>
  <nd ref="10203861966"/>
  <nd ref="10203861967"/>
  <nd ref="10203861968"/>
  <nd ref="10203861959"/>
  <tag k="landuse" v="grass"/>
 </way>
 <way id="1115704223" visible="true" version="1" changeset="129155438" timestamp="2022-11-20T12:56:18Z" user="MikelCalo" uid="11126976">
  <nd ref="10203861969"/>
  <nd ref="10203861970"/>
  <nd ref="10203861971"/>
  <nd ref="10203861972"/>
  <nd ref="10203861969"/>
  <tag k="landuse" v="grass"/>
 </way>
 <way id="1206216141" visible="true" version="1" changeset="140997782" timestamp="2023-09-08T18:04:29Z" user="Saicpp" uid="19253508">
  <nd ref="11177372644"/>
  <nd ref="11177372645"/>
  <tag k="highway" v="footway"/>
 </way>
 <way id="1206216143" visible="true" version="1" changeset="140997782" timestamp="2023-09-08T18:04:29Z" user="Saicpp" uid="19253508">
  <nd ref="11177372645"/>
  <nd ref="11177372646"/>
  <tag k="covered" v="no"/>
  <tag k="handrail" v="yes"/>
  <tag k="highway" v="steps"/>
  <tag k="incline" v="up"/>
  <tag k="level" v="0;1"/>
 </way>
 <way id="1206216144" visible="true" version="1" changeset="140997782" timestamp="2023-09-08T18:04:29Z" user="Saicpp" uid="19253508">
  <nd ref="11177372646"/>
  <nd ref="11177372647"/>
  <tag k="covered" v="no"/>
  <tag k="highway" v="footway"/>
  <tag k="level" v="1"/>
 </way>
 <way id="1206216146" visible="true" version="1" changeset="140997782" timestamp="2023-09-08T18:04:29Z" user="Saicpp" uid="19253508">
  <nd ref="1967275036"/>
  <nd ref="11177372644"/>
  <nd ref="11177372649"/>
  <tag k="footway" v="sidewalk"/>
  <tag k="highway" v="footway"/>
 </way>
 <way id="1206216147" visible="true" version="1" changeset="140997782" timestamp="2023-09-08T18:04:29Z" user="Saicpp" uid="19253508">
  <nd ref="11177372649"/>
  <nd ref="11177372650"/>
  <nd ref="11177372651"/>
  <nd ref="11177372652"/>
  <nd ref="11177372653"/>
  <nd ref="11177372654"/>
  <nd ref="11177372655"/>
  <nd ref="11177372656"/>
  <nd ref="11177372657"/>
  <nd ref="11177372658"/>
  <nd ref="11177372659"/>
  <tag k="footway" v="sidewalk"/>
  <tag k="highway" v="footway"/>
 </way>
 <way id="1206233476" visible="true" version="1" changeset="141000693" timestamp="2023-09-08T19:48:51Z" user="Saicpp" uid="19253508">
  <nd ref="11177553395"/>
  <nd ref="11177553396"/>
  <nd ref="11177553397"/>
  <nd ref="11177553398"/>
  <tag k="highway" v="service"/>
  <tag k="oneway" v="yes"/>
  <tag k="service" v="parking_aisle"/>
 </way>
 <way id="1206479661" visible="true" version="1" changeset="141041250" timestamp="2023-09-09T21:52:32Z" user="Saicpp" uid="19253508">
  <nd ref="11179557762"/>
  <nd ref="11179557763"/>
  <tag k="highway" v="footway"/>
  <tag k="incline" v="0%"/>
  <tag k="level" v="0"/>
 </way>
 <way id="1206479662" visible="true" version="3" changeset="172694078" timestamp="2025-10-01T08:24:30Z" user="Carlos244" uid="21450926">
  <nd ref="11179557763"/>
  <nd ref="11179557764"/>
  <nd ref="11179557765"/>
  <nd ref="11179557766"/>
  <tag k="covered" v="yes"/>
  <tag k="highway" v="steps"/>
  <tag k="layer" v="1;2;3"/>
  <tag k="level" v="0;1;2;3"/>
 </way>
 <way id="1206479663" visible="true" version="1" changeset="141041250" timestamp="2023-09-09T21:52:32Z" user="Saicpp" uid="19253508">
  <nd ref="11179557766"/>
  <nd ref="7527101619"/>
  <tag k="highway" v="footway"/>
  <tag k="layer" v="1;2;3"/>
  <tag k="level" v="1;2;3"/>
 </way>
 <way id="1206479664" visible="true" version="1" changeset="141041250" timestamp="2023-09-09T21:52:32Z" user="Saicpp" uid="19253508">
  <nd ref="7527101618"/>
  <nd ref="11179557766"/>
  <tag k="highway" v="footway"/>
  <tag k="level" v="1;2"/>
 </way>
 <way id="1206479665" visible="true" version="1" changeset="141041250" timestamp="2023-09-09T21:52:32Z" user="Saicpp" uid="19253508">
  <nd ref="11179557770"/>
  <nd ref="11179557771"/>
  <nd ref="11179557772"/>
  <tag k="barrier" v="wall"/>
  <tag k="material" v="metal"/>
 </way>
 <way id="1206479670" visible="true" version="1" changeset="141041250" timestamp="2023-09-09T21:52:32Z" user="Saicpp" uid="19253508">
  <nd ref="11179557784"/>
  <nd ref="11179557776"/>
  <tag k="highway" v="footway"/>
  <tag k="level" v="0"/>
 </way>
 <way id="1206479671" visible="true" version="1" changeset="141041250" timestamp="2023-09-09T21:52:32Z" user="Saicpp" uid="19253508">
  <nd ref="1958851580"/>
  <nd ref="11179557785"/>
  <tag k="highway" v="footway"/>
  <tag k="layer" v="0;1"/>
  <tag k="level" v="0;1"/>
 </way>
 <way id="1206479672" visible="true" version="1" changeset="141041250" timestamp="2023-09-09T21:52:32Z" user="Saicpp" uid="19253508">
  <nd ref="1958851580"/>
  <nd ref="11179557776"/>
  <nd ref="11179557775"/>
  <tag k="highway" v="footway"/>
  <tag k="layer" v="0;1"/>
  <tag k="level" v="0;1"/>
 </way>
 <way id="1206479673" visible="true" version="1" changeset="141041250" timestamp="2023-09-09T21:52:32Z" user="Saicpp" uid="19253508">
  <nd ref="1958882992"/>
  <nd ref="11179557786"/>
  <tag k="highway" v="footway"/>
 </way>
 <way id="1206479675" visible="true" version="1" changeset="141041250" timestamp="2023-09-09T21:52:32Z" user="Saicpp" uid="19253508">
  <nd ref="11179557789"/>
  <nd ref="11179557775"/>
  <nd ref="11179557790"/>
  <nd ref="11179557793"/>
  <nd ref="11179557791"/>
  <nd ref="11179557792"/>
  <nd ref="11179557789"/>
  <tag k="highway" v="elevator"/>
  <tag k="level" v="0;1"/>
  <tag k="wheelchair" v="yes"/>
 </way>
 <way id="1206481741" visible="true" version="1" changeset="141041553" timestamp="2023-09-09T22:08:54Z" user="Saicpp" uid="19253508">
  <nd ref="11179547052"/>
  <nd ref="11179547053"/>
  <nd ref="11179547054"/>
  <tag k="barrier" v="fence"/>
  <tag k="layer" v="1"/>
  <tag k="level" v="1"/>
 </way>
 <way id="1206787444" visible="true" version="3" changeset="161242956" timestamp="2025-01-11T15:17:02Z" user="Arnau Mora" uid="5365869">
  <nd ref="11182555379"/>
  <nd ref="11182555381"/>
  <nd ref="11869028286"/>
  <nd ref="11182555380"/>
  <tag k="highway" v="footway"/>
  <tag k="surface" v="concrete"/>
 </way>
 <way id="1206787447" visible="true" version="2" changeset="161242956" timestamp="2025-01-11T15:16:58Z" user="Arnau Mora" uid="5365869">
  <nd ref="11182555381"/>
  <nd ref="11182555384"/>
  <tag k="highway" v="footway"/>
  <tag k="surface" v="concrete"/>
 </way>
 <way id="1206787448" visible="true" version="3" changeset="161242956" timestamp="2025-01-11T15:16:55Z" user="Arnau Mora" uid="5365869">
  <nd ref="11869028426"/>
  <nd ref="11182555386"/>
  <tag k="highway" v="footway"/>
  <tag k="surface" v="concrete"/>
 </way>
 <way id="1206787449" visible="true" version="2" changeset="161242956" timestamp="2025-01-11T15:16:51Z" user="Arnau Mora" uid="5365869">
  <nd ref="11182555384"/>
  <nd ref="11182555386"/>
  <tag k="highway" v="footway"/>
  <tag k="surface" v="concrete"/>
 </way>
 <way id="1278499802" visible="true" version="1" changeset="150707183" timestamp="2024-04-30T13:02:51Z" user="MikelCalo" uid="11126976">
  <nd ref="11869028276"/>
  <nd ref="253243591"/>
  <nd ref="253243592"/>
  <nd ref="11869028277"/>
  <nd ref="11869028278"/>
  <nd ref="11869028283"/>
  <nd ref="11869028276"/>
  <tag k="building:levels" v="2"/>
  <tag k="building:part" v="yes"/>
 </way>
 <way id="1278499803" visible="true" version="1" changeset="150707183" timestamp="2024-04-30T13:02:51Z" user="MikelCalo" uid="11126976">
  <nd ref="11869028276"/>
  <nd ref="253243587"/>
  <nd ref="253243593"/>
  <nd ref="11869028277"/>
  <nd ref="11869028278"/>
  <nd ref="11869028279"/>
  <nd ref="11869028280"/>
  <nd ref="11869028281"/>
  <nd ref="11869028282"/>
  <nd ref="11869028283"/>
  <nd ref="11869028276"/>
  <tag k="building:levels" v="3"/>
  <tag k="building:part" v="yes"/>
 </way>
 <way id="1278499805" visible="true" version="1" changeset="150707183" timestamp="2024-04-30T13:02:51Z" user="MikelCalo" uid="11126976">
  <nd ref="11869028426"/>
  <nd ref="11869028285"/>
  <nd ref="11869028286"/>
  <nd ref="1960415621"/>
  <tag k="footway" v="sidewalk"/>
  <tag k="highway" v="footway"/>
 </way>
 <way id="1278523216" visible="true" version="1" changeset="150710988" timestamp="2024-04-30T14:21:28Z" user="MikelCalo" uid="11126976">
  <nd ref="1958714207"/>
  <nd ref="11869212211"/>
  <nd ref="11869212210"/>
  <nd ref="253243701"/>
  <nd ref="11869212213"/>
  <nd ref="11869212214"/>
  <nd ref="11869212215"/>
  <nd ref="11869212216"/>
  <nd ref="253243693"/>
  <nd ref="11869212250"/>
  <nd ref="11869212247"/>
  <nd ref="11869212246"/>
  <nd ref="11869212217"/>
  <nd ref="11869212218"/>
  <nd ref="11869212219"/>
  <nd ref="11869212220"/>
  <nd ref="11869212221"/>
  <nd ref="11869212222"/>
  <nd ref="11869212223"/>
  <nd ref="11869212224"/>
  <nd ref="11869212225"/>
  <nd ref="1958714207"/>
 </way>
 <way id="1278523222" visible="true" version="1" changeset="150710988" timestamp="2024-04-30T14:21:28Z" user="MikelCalo" uid="11126976">
  <nd ref="11869212237"/>
  <nd ref="11869212238"/>
  <nd ref="11869212239"/>
  <nd ref="11869212240"/>
  <nd ref="11869212237"/>
  <tag k="building:levels" v="2"/>
  <tag k="building:part" v="yes"/>
 </way>
 <way id="1278523223" visible="true" version="1" changeset="150710988" timestamp="2024-04-30T14:21:28Z" user="MikelCalo" uid="11126976">
  <nd ref="11869212241"/>
  <nd ref="11869212242"/>
  <nd ref="11869212243"/>
  <nd ref="11869212244"/>
  <nd ref="11869212241"/>
  <tag k="building:levels" v="2"/>
  <tag k="building:part" v="yes"/>
 </way>
 <way id="1278523224" visible="true" version="1" changeset="150710988" timestamp="2024-04-30T14:21:28Z" user="MikelCalo" uid="11126976">
  <nd ref="11869212215"/>
  <nd ref="11869212214"/>
  <nd ref="11869212213"/>
  <nd ref="11869212216"/>
  <nd ref="11869212215"/>
  <tag k="building:levels" v="2"/>
  <tag k="building:part" v="yes"/>
 </way>
 <way id="1278523225" visible="true" version="1" changeset="150710988" timestamp="2024-04-30T14:21:28Z" user="MikelCalo" uid="11126976">
  <nd ref="11869212245"/>
  <nd ref="11869212246"/>
  <nd ref="11869212247"/>
  <nd ref="11869212248"/>
  <nd ref="11869212245"/>
 </way>
 <way id="1278523226" visible="true" version="1" changeset="150710988" timestamp="2024-04-30T14:21:28Z" user="MikelCalo" uid="11126976">
  <nd ref="11869212246"/>
  <nd ref="11869212217"/>
  <nd ref="11869212249"/>
  <nd ref="11869212245"/>
  <nd ref="11869212246"/>
  <tag k="building:levels" v="2"/>
  <tag k="building:part" v="yes"/>
 </way>
 <way id="1278523227" visible="true" version="1" changeset="150710988" timestamp="2024-04-30T14:21:28Z" user="MikelCalo" uid="11126976">
  <nd ref="11869212248"/>
  <nd ref="11869212247"/>
  <nd ref="11869212250"/>
  <nd ref="11869212251"/>
  <nd ref="11869212248"/>
  <tag k="building:levels" v="2"/>
  <tag k="building:part" v="yes"/>
 </way>
 <way id="1278523228" visible="true" version="1" changeset="150710988" timestamp="2024-04-30T14:21:28Z" user="MikelCalo" uid="11126976">
  <nd ref="11869212252"/>
  <nd ref="11869212253"/>
  <nd ref="11869212254"/>
  <nd ref="11869212255"/>
  <nd ref="11869212252"/>
  <tag k="building:levels" v="2"/>
  <tag k="building:part" v="yes"/>
 </way>
 <way id="1278523229" visible="true" version="1" changeset="150710988" timestamp="2024-04-30T14:21:28Z" user="MikelCalo" uid="11126976">
  <nd ref="11869212256"/>
  <nd ref="11869212257"/>
  <nd ref="11869212258"/>
  <nd ref="11869212259"/>
  <nd ref="11869212256"/>
  <tag k="building:levels" v="2"/>
  <tag k="building:part" v="yes"/>
 </way>
 <way id="1278523230" visible="true" version="1" changeset="150710988" timestamp="2024-04-30T14:21:28Z" user="MikelCalo" uid="11126976">
  <nd ref="11869212260"/>
  <nd ref="11869212261"/>
  <nd ref="11869212262"/>
  <nd ref="11869212263"/>
  <nd ref="11869212260"/>
  <tag k="building:levels" v="2"/>
  <tag k="building:part" v="yes"/>
 </way>
 <way id="1278523231" visible="true" version="1" changeset="150710988" timestamp="2024-04-30T14:21:28Z" user="MikelCalo" uid="11126976">
  <nd ref="11869212264"/>
  <nd ref="11869212265"/>
  <nd ref="11869212266"/>
  <nd ref="11869212267"/>
  <nd ref="11869212264"/>
  <tag k="building:levels" v="2"/>
  <tag k="building:part" v="yes"/>
 </way>
 <way id="1278523232" visible="true" version="1" changeset="150710988" timestamp="2024-04-30T14:21:28Z" user="MikelCalo" uid="11126976">
  <nd ref="11869212268"/>
  <nd ref="11869212251"/>
  <nd ref="11869212245"/>
  <nd ref="11869212249"/>
  <nd ref="11869212205"/>
  <nd ref="11869220969"/>
  <nd ref="11869220970"/>
  <nd ref="11869220971"/>
  <nd ref="11869212192"/>
  <nd ref="11869212191"/>
  <nd ref="11869212190"/>
  <nd ref="11869220972"/>
  <nd ref="11869220973"/>
  <nd ref="11869212189"/>
  <nd ref="11869212188"/>
  <nd ref="253243694"/>
  <nd ref="11869220976"/>
  <nd ref="11869212268"/>
 </way>
 <way id="1278523235" visible="true" version="1" changeset="150710988" timestamp="2024-04-30T14:21:28Z" user="MikelCalo" uid="11126976">
  <nd ref="11869212190"/>
  <nd ref="11869220972"/>
  <nd ref="11869220973"/>
  <nd ref="11869212189"/>
  <nd ref="11869212190"/>
  <tag k="building:levels" v="2q"/>
  <tag k="building:part" v="yes"/>
 </way>
 <way id="1278523237" visible="true" version="1" changeset="150710988" timestamp="2024-04-30T14:21:28Z" user="MikelCalo" uid="11126976">
  <nd ref="11869212251"/>
  <nd ref="11869212250"/>
  <nd ref="253243693"/>
  <nd ref="11869212268"/>
  <nd ref="11869212251"/>
  <tag k="building" v="roof"/>
  <tag k="layer" v="1"/>
 </way>
 <way id="1278523238" visible="true" version="2" changeset="150748880" timestamp="2024-05-01T12:48:55Z" user="MikelCalo" uid="11126976">
  <nd ref="253243693"/>
  <nd ref="11869212268"/>
  <nd ref="11869220976"/>
  <nd ref="11869220977"/>
  <nd ref="11869220978"/>
  <nd ref="11179557802"/>
  <nd ref="7554294253"/>
  <nd ref="7554294264"/>
  <nd ref="11871744803"/>
  <nd ref="7554294226"/>
  <nd ref="11869220984"/>
  <nd ref="253308147"/>
  <nd ref="253308144"/>
  <nd ref="11179557778"/>
  <nd ref="1958837800"/>
  <nd ref="1958837767"/>
  <nd ref="11869220983"/>
  <nd ref="11869220981"/>
  <nd ref="11869220982"/>
  <nd ref="1958837803"/>
  <nd ref="253351521"/>
  <nd ref="253351520"/>
  <nd ref="11869220975"/>
  <nd ref="11869220974"/>
  <nd ref="253243693"/>
  <tag k="building" v="roof"/>
  <tag k="layer" v="1"/>
 </way>
 <way id="1278523239" visible="true" version="1" changeset="150710988" timestamp="2024-04-30T14:21:28Z" user="MikelCalo" uid="11126976">
  <nd ref="253243692"/>
  <nd ref="1958837801"/>
  <nd ref="11869220985"/>
  <nd ref="11869220986"/>
  <nd ref="253243692"/>
  <tag k="building" v="roof"/>
  <tag k="layer" v="1"/>
 </way>
 <way id="1278523240" visible="true" version="1" changeset="150710988" timestamp="2024-04-30T14:21:28Z" user="MikelCalo" uid="11126976">
  <nd ref="11869220987"/>
  <nd ref="11869220988"/>
  <nd ref="11869220989"/>
  <nd ref="11869220990"/>
  <nd ref="11869220987"/>
  <tag k="building" v="roof"/>
  <tag k="layer" v="1"/>
 </way>
 <way id="1278523241" visible="true" version="1" changeset="150710988" timestamp="2024-04-30T14:21:28Z" user="MikelCalo" uid="11126976">
  <nd ref="1958837801"/>
  <nd ref="1958837798"/>
  <nd ref="1958837784"/>
  <nd ref="1958837796"/>
  <nd ref="1958837801"/>
  <tag k="building" v="roof"/>
  <tag k="layer" v="1"/>
 </way>
 <way id="1278523242" visible="true" version="1" changeset="150710988" timestamp="2024-04-30T14:21:28Z" user="MikelCalo" uid="11126976">
  <nd ref="1958837798"/>
  <nd ref="253308150"/>
  <nd ref="11869220991"/>
  <nd ref="11869220992"/>
  <nd ref="1958837798"/>
  <tag k="building" v="roof"/>
  <tag k="layer" v="1"/>
 </way>
 <way id="1278523243" visible="true" version="1" changeset="150710988" timestamp="2024-04-30T14:21:28Z" user="MikelCalo" uid="11126976">
  <nd ref="253243692"/>
  <nd ref="11869220993"/>
  <nd ref="11869220994"/>
  <nd ref="253308150"/>
  <nd ref="253243692"/>
  <tag k="building" v="roof"/>
  <tag k="layer" v="1"/>
 </way>
 <way id="1278523254" visible="true" version="1" changeset="150710988" timestamp="2024-04-30T14:21:28Z" user="MikelCalo" uid="11126976">
  <nd ref="1958769668"/>
  <nd ref="11869221015"/>
  <nd ref="253243701"/>
  <nd ref="11869212216"/>
  <nd ref="253243693"/>
  <nd ref="11869220974"/>
  <nd ref="1958769683"/>
  <nd ref="1958769668"/>
  <tag k="building:levels" v="1"/>
  <tag k="building:min_level" v="0.5"/>
  <tag k="building:part" v="yes"/>
 </way>
 <way id="1278523255" visible="true" version="1" changeset="150710988" timestamp="2024-04-30T14:21:28Z" user="MikelCalo" uid="11126976">
  <nd ref="1958769683"/>
  <nd ref="1958769677"/>
  <nd ref="253243691"/>
  <nd ref="11869221021"/>
  <nd ref="11869221023"/>
  <nd ref="11869221024"/>
  <nd ref="11869221025"/>
  <nd ref="11869221026"/>
  <nd ref="11869220974"/>
  <nd ref="1958769683"/>
  <tag k="building:levels" v="3"/>
  <tag k="building:part" v="yes"/>
 </way>
 <way id="1278523257" visible="true" version="1" changeset="150710988" timestamp="2024-04-30T14:21:28Z" user="MikelCalo" uid="11126976">
  <nd ref="11869221021"/>
  <nd ref="11869221020"/>
  <nd ref="11869221022"/>
  <nd ref="11869221039"/>
  <nd ref="11869220993"/>
  <nd ref="11869221026"/>
  <nd ref="11869221025"/>
  <nd ref="11869221024"/>
  <nd ref="11869221023"/>
  <nd ref="11869221021"/>
  <tag k="building:levels" v="2"/>
  <tag k="building:part" v="yes"/>
 </way>
 <way id="1278523258" visible="true" version="1" changeset="150710988" timestamp="2024-04-30T14:21:28Z" user="MikelCalo" uid="11126976">
  <nd ref="11869221027"/>
  <nd ref="11869221028"/>
  <nd ref="1967182136"/>
  <nd ref="11869221029"/>
  <nd ref="11869221030"/>
  <nd ref="253351522"/>
  <nd ref="11869221027"/>
  <tag k="building" v="roof"/>
  <tag k="layer" v="1"/>
 </way>
 <way id="1278523259" visible="true" version="2" changeset="161230613" timestamp="2025-01-11T08:54:13Z" user="Arnau Mora" uid="5365869">
  <nd ref="11179562153"/>
  <nd ref="1958874146"/>
  <tag k="highway" v="footway"/>
  <tag k="surface" v="paving_stones"/>
 </way>
 <way id="1278782389" visible="true" version="1" changeset="150748880" timestamp="2024-05-01T12:48:55Z" user="MikelCalo" uid="11126976">
  <nd ref="1621881726"/>
  <nd ref="429843195"/>
  <nd ref="429843196"/>
  <nd ref="429843189"/>
  <nd ref="1621881726"/>
  <tag k="building:levels" v="3"/>
  <tag k="building:part" v="yes"/>
 </way>
 <way id="1278782396" visible="true" version="1" changeset="150748880" timestamp="2024-05-01T12:48:55Z" user="MikelCalo" uid="11126976">
  <nd ref="11871744786"/>
  <nd ref="429843194"/>
  <nd ref="11871744787"/>
  <nd ref="11871744785"/>
  <nd ref="11871744786"/>
  <tag k="building:levels" v="3"/>
  <tag k="building:part" v="yes"/>
 </way>
 <way id="1278782404" visible="true" version="1" changeset="150748880" timestamp="2024-05-01T12:48:55Z" user="MikelCalo" uid="11126976">
  <nd ref="11871740248"/>
  <nd ref="11871744792"/>
  <tag k="footway" v="sidewalk"/>
  <tag k="highway" v="footway"/>
  <tag k="layer" v="-1"/>
 </way>
 <way id="1278782406" visible="true" version="1" changeset="150748880" timestamp="2024-05-01T12:48:55Z" user="MikelCalo" uid="11126976">
  <nd ref="11871744801"/>
  <nd ref="11871744802"/>
  <nd ref="7554294229"/>
  <nd ref="7554294238"/>
  <nd ref="11871744801"/>
  <tag k="building" v="roof"/>
  <tag k="layer" v="1"/>
 </way>
 <way id="1278782407" visible="true" version="1" changeset="150748880" timestamp="2024-05-01T12:48:55Z" user="MikelCalo" uid="11126976">
  <nd ref="11869220975"/>
  <nd ref="11869220974"/>
  <nd ref="11869221026"/>
  <nd ref="11869220993"/>
  <nd ref="253243692"/>
  <nd ref="11869220986"/>
  <nd ref="11869220988"/>
  <nd ref="11869220989"/>
  <nd ref="11869220975"/>
  <tag k="building:levels" v="1"/>
  <tag k="building:part" v="yes"/>
 </way>
 <way id="1315425744" visible="true" version="1" changeset="156592061" timestamp="2024-09-13T23:12:42Z" user="VLD305" uid="17321437">
  <nd ref="12175766984"/>
  <nd ref="1970830582"/>
  <nd ref="4061377761"/>
  <nd ref="11177372658"/>
  <nd ref="10076557512"/>
  <nd ref="1307630835"/>
  <nd ref="10076557511"/>
  <nd ref="1621881753"/>
  <nd ref="10076557510"/>
  <nd ref="1307630916"/>
  <nd ref="10076557509"/>
  <nd ref="1621881642"/>
  <nd ref="10076557508"/>
  <nd ref="10076557507"/>
  <nd ref="10076557506"/>
  <nd ref="1307630859"/>
  <nd ref="10076557505"/>
  <nd ref="1621881693"/>
  <nd ref="10076557504"/>
  <nd ref="1307630948"/>
  <nd ref="1958837790"/>
  <nd ref="10076557516"/>
  <nd ref="10076557515"/>
  <nd ref="10076557458"/>
  <nd ref="11177372643"/>
  <tag k="highway" v="cycleway"/>
 </way>
 <way id="1559199268" visible="true" version="1" changeset="189084037" timestamp="2026-09-15T21:56:36Z" user="Loram" uid="6332703">
  <nd ref="14183863856"/>
  <nd ref="14183863857"/>
  <nd ref="14183863858"/>
  <nd ref="14183863859"/>
  <nd ref="14183863856"/>
  <tag k="leisure" v="outdoor_seating"/>
 </way>
 <way id="1559199269" visible="true" version="1" changeset="189084037" timestamp="2026-09-15T21:56:36Z" user="Loram" uid="6332703">
  <nd ref="14183863860"/>
  <nd ref="14183863861"/>
  <nd ref="14183863862"/>
  <nd ref="14183863863"/>
  <nd ref="14183863860"/>
  <tag k="leisure" v="outdoor_seating"/>
 </way>
 <relation id="8797511" visible="true" version="1" changeset="63386225" timestamp="2018-10-10T16:17:40Z" user="kauron" uid="5765821">
  <member type="way" ref="185442740" role="from"/>
  <member type="node" ref="1960415627" role="via"/>
  <member type="way" ref="185442740" role="to"/>
  <tag k="restriction" v="no_u_turn"/>
  <tag k="type" v="restriction"/>
 </relation>
 <relation id="11223289" visible="true" version="7" changeset="150721541" timestamp="2024-04-30T18:15:54Z" user="trifano" uid="20759500">
  <member type="way" ref="23389275" role="outer"/>
  <member type="way" ref="185310747" role="outer"/>
  <member type="way" ref="185310749" role="outer"/>
  <member type="way" ref="185310751" role="outer"/>
  <member type="way" ref="23389274" role="outer"/>
  <tag k="addr:city" v="València"/>
  <tag k="addr:postcode" v="46022"/>
  <tag k="addr:street" v="Camí de Vera"/>
  <tag k="email" v="etsa@upvnet.upv.es"/>
  <tag k="fax" v="+34 963 877 119"/>
  <tag k="name" v="Escola Tècnica Superior d'Arquitectura"/>
  <tag k="name:ca" v="Escola Tècnica Superior d'Arquitectura"/>
  <tag k="name:es" v="Escuela Técnica Superior de Arquitectura"/>
  <tag k="nohousenumber" v="yes"/>
  <tag k="office" v="educational_institution"/>
  <tag k="operator" v="Universitat Politècnica de València"/>
  <tag k="phone" v="+34 963 877 110"/>
  <tag k="short_name" v="ETSA"/>
  <tag k="type" v="multipolygon"/>
  <tag k="website" v="http://www.arq.upv.es/"/>
  <tag k="wikidata" v="Q8778200"/>
  <tag k="wikipedia" v="ca:Escola Tècnica Superior d'Arquitectura de València"/>
 </relation>
 <relation id="11223355" visible="true" version="4" changeset="141136589" timestamp="2023-09-11T23:20:56Z" user="Jordi MF" uid="8278438">
  <member type="way" ref="788602571" role="outer"/>
  <member type="way" ref="788614725" role="outer"/>
  <member type="way" ref="789252361" role="outer"/>
  <member type="way" ref="23389265" role="outer"/>
  <member type="way" ref="792174534" role="outer"/>
  <member type="way" ref="792174535" role="outer"/>
  <member type="way" ref="23389273" role="outer"/>
  <member type="way" ref="23389269" role="outer"/>
  <member type="way" ref="23389270" role="outer"/>
  <member type="way" ref="23389268" role="outer"/>
  <member type="way" ref="23389266" role="outer"/>
  <member type="way" ref="23389267" role="outer"/>
  <tag k="addr:city" v="València"/>
  <tag k="addr:postcode" v="46022"/>
  <tag k="addr:street" v="Camí de Vera"/>
  <tag k="faculty" v="industrial_engineering"/>
  <tag k="name" v="Escola Tècnica Superior d'Enginyeria Industrial de València"/>
  <tag k="name:ca" v="Escola Tècnica Superior d'Enginyeria Industrial de València"/>
  <tag k="name:es" v="Escuela Técnica Superior de Ingeniería Industrial de Valencia"/>
  <tag k="nohousenumber" v="yes"/>
  <tag k="office" v="educational_institution"/>
  <tag k="operator" v="Universitat Politècnica de València"/>
  <tag k="operator:type" v="public"/>
  <tag k="short_name" v="ETSII UPV"/>
  <tag k="start_date" v="1968"/>
  <tag k="type" v="multipolygon"/>
  <tag k="website" v="https://www.etsii.upv.es/"/>
 </relation>
 <relation id="14657325" visible="true" version="1" changeset="127037114" timestamp="2022-10-05T09:16:44Z" user="MikelCalo" uid="11126976">
  <member type="way" ref="1101020888" role="outer"/>
  <member type="way" ref="149176194" role="inner"/>
  <tag k="landuse" v="grass"/>
  <tag k="type" v="multipolygon"/>
 </relation>
 <relation id="17541697" visible="true" version="1" changeset="150710988" timestamp="2024-04-30T14:21:28Z" user="MikelCalo" uid="11126976">
  <member type="way" ref="1278523216" role="outer"/>
  <member type="way" ref="1278523222" role="inner"/>
  <member type="way" ref="1278523223" role="inner"/>
  <member type="way" ref="1278523220" role="inner"/>
  <member type="way" ref="1278523221" role="inner"/>
  <tag k="building:levels" v="3"/>
  <tag k="building:part" v="yes"/>
  <tag k="type" v="multipolygon"/>
 </relation>
 <relation id="17541698" visible="true" version="1" changeset="150710988" timestamp="2024-04-30T14:21:28Z" user="MikelCalo" uid="11126976">
  <member type="way" ref="23389274" role="outer"/>
  <member type="way" ref="1278523225" role="inner"/>
  <tag k="addr:city" v="València"/>
  <tag k="addr:postcode" v="46022"/>
  <tag k="building" v="university"/>
  <tag k="name" v="2F"/>
  <tag k="name:ca" v="2F"/>
  <tag k="operator" v="Universitat Politècnica de València"/>
  <tag k="type" v="multipolygon"/>
 </relation>
 <relation id="17541699" visible="true" version="1" changeset="150710988" timestamp="2024-04-30T14:21:28Z" user="MikelCalo" uid="11126976">
  <member type="way" ref="1278523232" role="outer"/>
  <member type="way" ref="1278523231" role="inner"/>
  <member type="way" ref="1278523230" role="inner"/>
  <member type="way" ref="1278523228" role="inner"/>
  <member type="way" ref="1278523229" role="inner"/>
  <tag k="building:levels" v="3"/>
  <tag k="building:part" v="yes"/>
  <tag k="type" v="multipolygon"/>
 </relation>
</osm>
